INSERT INTO Accounts (id, name) VALUES
    (1, 'Cash')
  , (2, 'RSP')
  , (3, 'RESP')
  , (4, 'TFSA')
;

INSERT INTO Assets (symbol, name, divAmount, divDay, divMonth, divPerYear, divCountry, divSymbolId) VALUES
    ('NASDAQ:AGNC', 'American Capital Agency Corp.', 0.65, 28, 1, 4, 'US', 2526)
;

INSERT INTO Transactions (accountId, xaDate, xaType, symbol, symbol2, shares, price, exchange, fee, book) VALUES
    (2, '2009-10-22','TRANSFER_IN' ,null,null,null,null,null,null,24473.97)
  , (2, '2009-11-03','CONTRIBUTION',null,null,null,540,null,null,null)
  , (2, '2009-11-03','BUY'         ,'TSE:AET.UN',null,100,19.25,0,9.99,null)
  , (2, '2009-11-03','BUY'         ,'TSE:K',null,100,19.50,0,9.99,null)
  , (2, '2009-11-03','BUY'         ,'NYSE:WFC',null,100,27.05,234.30,9.99,null)
  , (2, '2009-11-03','BUY'         ,'NASDAQ:ORCL',null,200,21.02,363.67,9.99,null)
  , (2, '2009-11-03','BUY'         ,'NYSE:SYY',null,100,26.53,229.82,9.99,null)
  , (2, '2009-11-04','BUY'         ,'TSE:CP',null,70,49.13,0,9.99,null)
  , (2, '2009-11-04','FEE_REBATE'  ,'TSE:AET.UN',null,null,null,null,9.99,null)
  , (2, '2009-11-04','FEE_REBATE'  ,'TSE:K',null,null,null,null,9.99,null)
  , (2, '2009-11-04','FEE_REBATE'  ,'NYSE:WFC',null,null,null,null,9.99,null)
  , (2, '2009-11-04','FEE_REBATE'  ,'NASDAQ:ORCL',null,null,null,null,9.99,null)
  , (2, '2009-11-04','FEE_REBATE'  ,'NYSE:SYY',null,null,null,null,9.99,null)
  , (2, '2009-11-05','BUY'         ,'NYSE:FDX',null,50,73.60,318.45,9.99,null)
  , (2, '2009-11-05','FEE_REBATE'  ,'TSE:CP',null,null,null,null,9.99,null)
  , (2, '2009-11-06','BUY'         ,'SY',null,70,40.15,268.23,9.99,null)
  , (2, '2009-11-06','FEE_REBATE'  ,'NYSE:FDX',null,null,null,null,9.99,null)
  , (2, '2009-11-09','FEE_REBATE'  ,'SY',null,null,null,null,9.99,null)
  , (2, '2009-12-01','CASHDIV'     ,'NYSE:WFC',null,null,5.21,null,null,null)
  , (2, '2009-12-15','CASHDIV'     ,'TSE:AET.UN',null,null,10,null,null,null)
  , (2, '2010-01-04','STOCKDIV'    ,'NYSE:FDX',null,null,5.73,null,null,null)
  , (2, '2010-01-15','CASHDIV'     ,'TSE:AET.UN',null,null,10,null,null,null)
  , (2, '2010-01-22','STOCKDIV'    ,'NYSE:SYY',null,null,25.98,null,null,null)
  , (2, '2010-01-25','STOCKDIV'    ,'TSE:CP',null,null,17.33,null,null,null)
  , (2, '2010-02-09','STOCKDIV'    ,'NASDAQ:ORCL',null,null,10.60,null,null,null)
  , (2, '2010-02-16','CASHDIV'     ,'TSE:AET.UN',null,null,10,null,null,null)
  , (2, '2010-03-01','STOCKDIV'    ,'NYSE:WFC',null,null,5.22,null,null,null)
  , (2, '2010-03-15','CASHDIV'     ,'TSE:AET.UN',null,null,10,null,null,null)
  , (2, '2010-03-31','STOCKDIV'    ,'TSE:K',null,null,5.13,null,null,null)
  , (2, '2010-04-01','STOCKDIV'    ,'NYSE:FDX',null,null,5.53,null,null,null)
  , (2, '2010-04-15','CASHDIV'     ,'TSE:AET.UN',null,null,10,null,null,null)
  , (2, '2010-04-23','STOCKDIV'    ,'NYSE:SYY',null,null,24.80,null,null,null)
  , (2, '2010-04-26','STOCKDIV'    ,'TSE:CP',null,null,17.33,null,null,null)
  , (2, '2010-05-05','STOCKDIV'    ,'NASDAQ:ORCL',null,null,10.16,null,null,null)
  , (2, '2010-05-11','BUY'         ,'NASDAQ:ARMH',null,230,11,100.72,19.99,null)
  , (2, '2010-05-11','SELL'        ,'TSE:K',null,100,19.20,null,19.99,null)
  , (2, '2010-05-11','BUY'         ,'NASDAQ:GOOG',null,5,515.50,102.60,19.99,null)
  , (2, '2010-05-11','BUY'         ,'SY',null,49,41.50,81.11,19.99,null)
  , (2, '2010-05-11','DEPOSIT'     ,null,null,null,5000,null,null,null)
  , (2, '2010-05-12','BUY'         ,'NYSE:SAP',null,70,44.76,111.58,9.99,null)
  , (2, '2010-05-12','SELL'        ,'SY',null,69,58.4959,-14.09,10.06,null)
  , (2, '2010-05-12','SELL'        ,'SY',null,50,64.40,-14.44,10.05,null)
  , (2, '2010-05-14','DEPOSIT'     ,null,null,null,140,null,null,null)
  , (2, '2010-05-17','CASHDIV'     ,'TSE:AET.UN',null,null,10,null,null,null)
  , (2, '2010-05-21','BUY'         ,'TSE:TD',null,50,71.23,null,9.99,null)
  , (2, '2010-06-01','STOCKDIV'    ,'NYSE:WFC',null,null,5.20,null,null,null)
  , (2, '2010-06-15','CASHDIV'     ,'TSE:AET.UN',null,null,10,null,null,null)
  , (2, '2010-06-17','STOCKDIV'    ,'NYSE:SAP',null,null,29.82,null,null,null)
  , (2, '2010-07-02','STOCKDIV'    ,'NYSE:FDX',null,null,6.29,null,null,null)
  , (2, '2010-07-15','CASHDIV'     ,'TSE:AET.UN',null,null,10,null,null,null)
  , (2, '2010-07-23','STOCKDIV'    ,'NYSE:SYY',null,null,25.78,null,null,null)
  , (2, '2010-07-26','STOCKDIV'    ,'TSE:CP',null,null,18.90,null,null,null)
  , (2, '2010-08-03','STOCKDIV'    ,'TSE:TD',null,null,30.50,null,null,null)
  , (2, '2010-08-04','STOCKDIV'    ,'NASDAQ:ORCL',null,null,10.16,null,null,null)
  , (2, '2010-08-11','TRANSFER_IN' ,'AIM1551',null,2449.012,8.811,null,null,22019.07)
  , (2, '2010-08-11','TRANSFER_IN' ,'AIM1591',null,2322.921,10.413,null,null,25073.61)
  , (2, '2010-08-11','TRANSFER_IN' ,'AIM321',null,1669.767,8.488,null,null,14495.25)
  , (2, '2010-08-11','TRANSFER_IN' ,'AIM1523',null,1140.661,18.12,null,null,21333.78)
  , (2, '2010-08-11','TRANSFER_IN' ,'AIM1513',null,211.942,22.759,null,null,4903.91)
  , (2, '2010-08-13','SELL'        ,'AIM1551',null,1731.562,8.811,null,null,null)
  , (2, '2010-08-13','SELL'        ,'AIM1591',null,596.807,10.413,null,null,null)
  , (2, '2010-08-13','SELL'        ,'AIM321',null,166.977,8.488,null,null,null)
  , (2, '2010-08-13','SELL'        ,'AIM1523',null,1140.661,18.12,null,null,null)
  , (2, '2010-08-13','SELL'        ,'AIM1513',null,211.942,22.759,null,null,null)
  , (2, '2010-08-16','CASHDIV'     ,'TSE:AET.UN',null,null,10,null,null,null)
  , (2, '2010-08-17','BUY'         ,'NASDAQ:GOOG',null,6,489.95,151.91,9.99,null)
  , (2, '2010-08-18','BUY'         ,'TSE:PGF.UN',null,500,10.10,null,9.99,null)
  , (2, '2010-08-18','BUY'         ,'TSE:AET.UN',null,300,19.48,null,9.99,null)
  , (2, '2010-08-18','BUY'         ,'NYSE:WFC',null,200,25.5799,233.23,9.99,null)
  , (2, '2010-08-19','BUY'         ,'NYSE:BP',null,150,37,316.92,9.99,null)
  , (2, '2010-09-01','STOCKDIV'    ,'NYSE:WFC',null,null,5.27,null,null,null)
  , (2, '2010-09-09','BUY'         ,'NYSEARCA:PGM',null,125,36.70,241.37,9.99,null)
  , (2, '2010-09-09','BUY'         ,'NASDAQ:INTC',null,100,18,95.02,9.99,null)
  , (2, '2010-09-15','CASHDIV'     ,'TSE:PGF.UN',null,null,35,null,null,null)
  , (2, '2010-09-15','CASHDIV'     ,'TSE:AET.UN',null,null,40,null,null,null)
  , (2, '2010-10-01','STOCKDIV'    ,'NYSE:FDX',null,null,6.09,null,null,null)
  , (2, '2010-10-14','BUY'         ,'NYSE:WFC',null,100,24.75,59.64,9.99,null)
  , (2, '2010-10-14','STOCKDIV'    ,'NASDAQ:ARMH',null,null,11.19,null,null,null)
  , (2, '2010-10-15','SELL'        ,'NASDAQ:GOOG',null,11,595,-35.94,10.11,null)
  , (2, '2010-10-15','CASHDIV'     ,'TSE:PGF.UN',null,null,35,null,null,null)
  , (2, '2010-10-15','CASHDIV'     ,'TSE:AET.UN',null,null,40,null,null,null)
  , (2, '2010-10-19','BUY'         ,'TSE:PGF.UN',null,500,11.60,null,9.99,null)
  , (2, '2010-10-22','STOCKDIV'    ,'NYSE:SYY',null,null,25.40,null,null,null)
  , (2, '2010-10-25','STOCKDIV'    ,'TSE:CP',null,null,18.90,null,null,null)
  , (2, '2010-10-29','SELL'        ,'NYSE:WFC',null,400,26,46.75,10.17,null)
  , (2, '2010-11-01','BUY'         ,'NASDAQ:ORCL',null,200,29.35,205.80,9.99,null)
  , (2, '2010-11-01','STOCKDIV'    ,'TSE:TD',null,null,30.50,null,null,null)
  , (2, '2010-11-03','STOCKDIV'    ,'NASDAQ:ORCL',null,null,10.01,null,null,null)
  , (2, '2010-11-04','BUY'         ,'NASDAQ:MSFT',null,200,27.15,103.36,9.99,null)
  , (2, '2010-11-05','BUY'         ,'TSE:MG',null,50,99,null,9.99,null)
  , (2, '2010-11-12','SELL'        ,'NASDAQ:ARMH',null,230,17.04,-41.05,10.06,null)
  , (2, '2010-11-15','CASHDIV'     ,'TSE:PGF.UN',null,null,70,null,null,null)
  , (2, '2010-11-15','CASHDIV'     ,'TSE:AET.UN',null,null,40,null,null,null)
  , (2, '2010-11-19','BUY'         ,'TSE:AET.UN',null,100,23.64,null,9.99,null)
  , (2, '2010-11-19','BUY'         ,'NASDAQ:MSFT',null,100,25.70,101.91,9.99,null)
  , (2, '2010-11-23','BUY'         ,'TSE:SU',null,100,34,null,9.99,null)
  , (2, '2010-11-24','SPLIT'       ,'TSE:MG',null,50,null,null,null,null)
  , (2, '2010-11-29','BUY'         ,'NASDAQ:CSCO',null,200,19.49,158.27,9.99,null)
  , (2, '2010-12-01','STOCKDIV'    ,'NASDAQ:INTC',null,null,16.03,null,null,null)
  , (2, '2010-12-08','SELL'        ,'NYSEARCA:PGM',null,125,39.55,-39.47,10.08,null)
  , (2, '2010-12-09','STOCKDIV'    ,'NASDAQ:MSFT',null,null,32.08,null,null,null)
  , (2, '2010-12-10','BUY'         ,'TSE:PVE.UN',null,500,7.97,null,9.99,null)
  , (2, '2010-12-15','CASHDIV'     ,'TSE:PGF.UN',null,null,70,null,null,null)
  , (2, '2010-12-15','CASHDIV'     ,'TSE:AET.UN',null,null,50,null,null,null)
  , (2, '2010-12-15','STOCKDIV'    ,'TSE:MG',null,null,17.95,null,null,null)
  , (2, '2010-12-17','STOCKDIV'    ,'NYSE:FDX',null,null,5.98,null,null,null)
  , (2, '2010-12-24','STOCKDIV'    ,'TSE:SU',null,null,10,null,null,null)
  , (2, '2011-01-10','MERGER'      ,'TSE:AET.UN','TSE:ARX',500,500,null,null,null)
  , (2, '2011-01-11','MERGER'      ,'TSE:PVE.UN','TSE:PVE',500,500,null,null,null)
  , (2, '2011-01-12','MERGER'      ,'TSE:PGF.UN','TSE:PGF',1000,1000,null,null,null)
  , (2, '2011-01-14','STOCKDIV'    ,'TSE:PVE',null,null,30,null,null,null)
  , (2, '2011-01-14','STOCKDIV'    ,'TSE:PVE',null,null,.6,null,null,null)
  , (2, '2011-01-17','STOCKDIV'    ,'TSE:PGF',null,null,70,null,null,null)
  , (2, '2011-01-17','STOCKDIV'    ,'TSE:ARX',null,null,50,null,null,null)
  , (2, '2011-01-28','STOCKDIV'    ,'NYSE:SYY',null,null,25.60,null,null,null)
  , (2, '2011-01-31','STOCKDIV'    ,'TSE:CP',null,null,18.90,null,null,null)
  , (2, '2011-01-31','STOCKDIV'    ,'TSE:TD',null,null,30.50,null,null,null)
  , (2, '2011-02-09','STOCKDIV'    ,'NASDAQ:ORCL',null,null,19.74,null,null,null)
  , (2, '2011-02-15','STOCKDIV'    ,'TSE:PVE',null,null,.45,null,null,null)
  , (2, '2011-02-15','STOCKDIV'    ,'TSE:PGF',null,null,70,null,null,null)
  , (2, '2011-02-15','STOCKDIV'    ,'TSE:PVE',null,null,22.50,null,null,null)
  , (2, '2011-02-15','STOCKDIV'    ,'TSE:ARX',null,null,50,null,null,null)
  , (2, '2011-03-01','STOCKDIV'    ,'NASDAQ:INTC',null,null,17.56,null,null,null)
  , (2, '2011-03-10','STOCKDIV'    ,'NASDAQ:MSFT',null,null,46.01,null,null,null)
  , (2, '2011-03-15','STOCKDIV'    ,'TSE:PVE',null,null,.45,null,null,null)
  , (2, '2011-03-15','STOCKDIV'    ,'TSE:PGF',null,null,70,null,null,null)
  , (2, '2011-03-15','STOCKDIV'    ,'TSE:PVE',null,null,22.50,null,null,null)
  , (2, '2011-03-15','STOCKDIV'    ,'TSE:ARX',null,null,50,null,null,null)
  , (2, '2011-03-23','STOCKDIV'    ,'TSE:MG',null,null,24.30,null,null,null)
  , (2, '2011-03-25','STOCKDIV'    ,'TSE:SU',null,null,10,null,null,null)
  , (2, '2011-03-28','SELL'        ,'NYSE:SAP',null,20,60.42,-48.53,10.02,null)
  , (2, '2011-03-28','BUY'         ,'NYSE:SNE',null,100,31.85,-4.79,9.99,null)
  , (2, '2011-03-28','SELL'        ,'NASDAQ:CSCO',null,200,17.3301,-139.97,10.06,null)
  , (2, '2011-03-28','SELL'        ,'NASDAQ:ORCL',null,100,32.55,-131.42,10.06,null)
  , (2, '2011-03-28','BUY'         ,'NYSE:SYY',null,100,27.90,-4.20,9.99,null)
  , (2, '2011-03-28','REINVDIV'    ,'AIM321',null,21.333,9.8620,null,null,null)
  , (2, '2011-03-28','STOCKDIV'    ,'NYSE:BP',null,null,61.33,null,null,null)
  , (2, '2011-04-01','STOCKDIV'    ,'NYSE:FDX',null,null,5.76,null,null,null)
  , (2, '2011-04-11','SELL'        ,'TSE:MG',null,100,44.95,null,9.99,null)
  , (2, '2011-04-11','BUY'         ,'TSE:ERF',null,50,30.91,null,9.99,null)
  , (2, '2011-04-11','BUY'         ,'NYSE:SNE',null,50,30.41,-35.97,9.99,null)
  , (2, '2011-04-11','BUY'         ,'NYSE:FDX',null,50,92.04,-108.38,9.99,null)
  , (2, '2011-04-15','STOCKDIV'    ,'TSE:PVE',null,null,.45,null,null,null)
  , (2, '2011-04-15','STOCKDIV'    ,'TSE:PGF',null,null,70,null,null,null)
  , (2, '2011-04-15','STOCKDIV'    ,'TSE:PVE',null,null,22.50,null,null,null)
  , (2, '2011-04-15','STOCKDIV'    ,'TSE:ARX',null,null,50,null,null,null)
  , (2, '2011-04-19','SELL'        ,'NYSE:FDX',null,100,92.26,-539.13,10.17,null)
  , (2, '2011-04-21','STOCKDIV'    ,'NYSE:SYY',null,null,48.98,null,null,null)
  , (2, '2011-04-25','STOCKDIV'    ,'TSE:CP',null,null,18.90,null,null,null)
  , (2, '2011-05-02','STOCKDIV'    ,'TSE:TD',null,null,33.00,null,null,null)
  , (2, '2011-05-04','STOCKDIV'    ,'NASDAQ:ORCL',null,null,16.99,null,null,null)
  , (2, '2011-05-11','BUY'         ,'NYSE:SNE',null,150,28.94,-89.20,9.99,null)
  , (2, '2011-05-13','STOCKDIV'    ,'TSE:PVE',null,null,.45,null,null,null)
  , (2, '2011-05-13','STOCKDIV'    ,'TSE:PVE',null,null,22.50,null,null,null)
  , (2, '2011-05-16','STOCKDIV'    ,'TSE:PGF',null,null,70,null,null,null)
  , (2, '2011-05-16','STOCKDIV'    ,'TSE:ARX',null,null,50,null,null,null)
  , (2, '2011-05-20','STOCKDIV'    ,'TSE:ERF',null,null,9,null,null,null)
  , (2, '2011-06-01','STOCKDIV'    ,'NASDAQ:INTC',null,null,17.37,null,null,null)
  , (2, '2011-06-07','STOCKDIV'    ,'NYSE:SAP',null,null,29.44,null,null,null)
  , (2, '2011-06-09','STOCKDIV'    ,'NASDAQ:MSFT',null,null,46.63,null,null,null)
  , (2, '2011-06-15','STOCKDIV'    ,'TSE:PVE',null,null,.45,null,null,null)
  , (2, '2011-06-15','STOCKDIV'    ,'TSE:PGF',null,null,70,null,null,null)
  , (2, '2011-06-15','STOCKDIV'    ,'TSE:PVE',null,null,22.50,null,null,null)
  , (2, '2011-06-15','STOCKDIV'    ,'TSE:ARX',null,null,50,null,null,null)
  , (2, '2011-06-20','STOCKDIV'    ,'TSE:ERF',null,null,9,null,null,null)
  , (2, '2011-06-24','STOCKDIV'    ,'TSE:SU',null,null,11,null,null,null)
  , (2, '2011-06-28','STOCKDIV'    ,'NYSE:BP',null,null,61.77,null,null,null)
  , (2, '2011-07-15','STOCKDIV'    ,'TSE:PVE',null,null,.45,null,null,null)
  , (2, '2011-07-15','STOCKDIV'    ,'TSE:PGF',null,null,70,null,null,null)
  , (2, '2011-07-15','STOCKDIV'    ,'TSE:PVE',null,null,22.50,null,null,null)
  , (2, '2011-07-15','STOCKDIV'    ,'TSE:ARX',null,null,50,null,null,null)
  , (2, '2011-07-18','BUY'         ,'TSE:ERF',null,100,29.54,null,9.99,null)
  , (2, '2011-07-20','STOCKDIV'    ,'TSE:ERF',null,null,9,null,null,null)
  , (2, '2011-07-22','STOCKDIV'    ,'NYSE:SYY',null,null,48.78,null,null,null)
  , (2, '2011-07-25','STOCKDIV'    ,'TSE:CP',null,null,21,null,null,null)
  , (2, '2011-08-02','STOCKDIV'    ,'TSE:TD',null,null,33.00,null,null,null)
  , (2, '2011-08-03','STOCKDIV'    ,'NASDAQ:ORCL',null,null,17.10,null,null,null)
  , (2, '2011-08-09','BUY'         ,'TSE:PVE',null,200,7.51,null,9.99,null)
  , (2, '2011-08-09','BUY'         ,'TSE:ERF',null,50,26.47,null,9.99,null)
  , (2, '2011-08-15','STOCKDIV'    ,'TSE:PVE',null,null,.45,null,null,null)
  , (2, '2011-08-15','STOCKDIV'    ,'TSE:PGF',null,null,70,null,null,null)
  , (2, '2011-08-15','STOCKDIV'    ,'TSE:PVE',null,null,22.50,null,null,null)
  , (2, '2011-08-15','STOCKDIV'    ,'TSE:ARX',null,null,50,null,null,null)
  , (2, '2011-08-19','STOCKDIV'    ,'TSE:ERF',null,null,27,null,null,null)
  , (2, '2011-09-01','STOCKDIV'    ,'NASDAQ:INTC',null,null,20.34,null,null,null)
  , (2, '2011-09-08','STOCKDIV'    ,'NASDAQ:MSFT',null,null,46.92,null,null,null)
  , (2, '2011-09-15','STOCKDIV'    ,'TSE:PVE',null,null,.63,null,null,null)
  , (2, '2011-09-15','STOCKDIV'    ,'TSE:PGF',null,null,70,null,null,null)
  , (2, '2011-09-15','STOCKDIV'    ,'TSE:PVE',null,null,31.50,null,null,null)
  , (2, '2011-09-15','STOCKDIV'    ,'TSE:ARX',null,null,50,null,null,null)
  , (2, '2011-09-20','STOCKDIV'    ,'NYSE:BP',null,null,61.80,null,null,null)
  , (2, '2011-09-20','STOCKDIV'    ,'TSE:ERF',null,null,36,null,null,null)
  , (2, '2011-09-26','STOCKDIV'    ,'TSE:SU',null,null,11,null,null,null)
  , (2, '2011-10-14','STOCKDIV'    ,'TSE:PVE',null,null,.63,null,null,null)
  , (2, '2011-10-14','STOCKDIV'    ,'TSE:PVE',null,null,31.50,null,null,null)
  , (2, '2011-10-17','STOCKDIV'    ,'TSE:PGF',null,null,70,null,null,null)
  , (2, '2011-10-17','STOCKDIV'    ,'TSE:ARX',null,null,50,null,null,null)
  , (2, '2011-10-20','STOCKDIV'    ,'TSE:ERF',null,null,36,null,null,null)
  , (2, '2011-10-25','BUY'         ,'TSE:PGF',null,400,10.50,null,9.99,null)
  , (2, '2011-10-25','BUY'         ,'TSE:ERF',null,180,27.95,null,9.99,null)
  , (2, '2011-10-25','SELL'        ,'NASDAQ:MSFT',null,300,27.05,null,10.15,null)
  , (2, '2011-10-28','STOCKDIV'    ,'NYSE:SYY',null,null,51.30,null,null,null)
  , (2, '2011-10-31','STOCKDIV'    ,'TSE:CP',null,null,21,null,null,null)
  , (2, '2011-10-31','STOCKDIV'    ,'TSE:TD',null,null,34.00,null,null,null)
  , (2, '2011-11-02','STOCKDIV'    ,'NASDAQ:ORCL',null,null,18.18,null,null,null)
  , (2, '2011-11-08','BUY'         ,'TSE:GII.UN',null,700,2.06,null,9.99,null)
  , (2, '2011-11-08','BUY'         ,'TSE:FZP.UN',null,1000,.82,null,9.99,null)
  , (2, '2011-11-08','BUY'         ,'TSE:HEJ',null,100,10.40,null,9.99,null)
  , (2, '2011-11-08','BUY'         ,'TSE:MKZ.UN',null,1000,1.2,null,19.98,null)
  , (2, '2011-11-08','BUY'         ,'TSE:AFP.UN',null,1000,.67,null,9.99,null)
  , (2, '2011-11-08','BUY'         ,'TSE:AIF',null,500,2.84,null,9.99,null)
  , (2, '2011-11-08','SELL'        ,'NYSE:SAP',null,50,61.74,-16.92,10.05,null)
  , (2, '2011-11-08','SELL'        ,'NYSE:SNE',null,300,17.41006,-13.03,10.10,null)
  , (2, '2011-11-08','BUY'         ,'TSE:RYL',null,1500,1.28,null,9.99,null)
  , (2, '2011-11-08','SELL'        ,'NASDAQ:INTC',null,100,24.41,-13.37,10.04,null)
  , (2, '2011-11-15','STOCKDIV'    ,'TSE:PVE',null,null,.63,null,null,null)
  , (2, '2011-11-15','STOCKDIV'    ,'TSE:PGF',null,null,98,null,null,null)
  , (2, '2011-11-15','STOCKDIV'    ,'TSE:PVE',null,null,31.50,null,null,null)
  , (2, '2011-11-15','STOCKDIV'    ,'TSE:ARX',null,null,50,null,null,null)
  , (2, '2011-11-20','CASHDIV'     ,'TSE:ERF',null,null,68.40,null,null,null)
  , (2, '2011-12-01','STOCKDIV'    ,'NASDAQ:INTC',null,null,21.22,null,null,null)
  , (2, '2011-12-08','STOCKDIV'    ,'NYSE:SNE',null,null,43.88,null,null,null)
  , (2, '2011-12-12','CASHDIV'     ,'TSE:HEJ',null,null,29.14,null,null,null)
  , (2, '2011-12-14','CASHDIV'     ,'TSE:GII.UN',null,null,24.50,null,null,null)
  , (2, '2011-12-15','STOCKDIV'    ,'TSE:PVE',null,null,.63,null,null,null)
  , (2, '2011-12-15','STOCKDIV'    ,'TSE:PGF',null,null,98,null,null,null)
  , (2, '2011-12-15','STOCKDIV'    ,'TSE:PVE',null,null,31.50,null,null,null)
  , (2, '2011-12-15','STOCKDIV'    ,'TSE:ARX',null,null,50,null,null,null)
  , (2, '2011-12-19','STOCKDIV'    ,'NYSE:BP',null,null,64.76,null,null,null)
  , (2, '2011-12-20','CASHDIV'     ,'TSE:ERF',null,null,68.40,null,null,null)
  , (2, '2011-12-23','STOCKDIV'    ,'TSE:SU',null,null,11,null,null,null)
  , (2, '2012-01-03','BUY'         ,'TSE:GII.UN',null,9000,.66,null,9.99,null)
  , (2, '2012-01-03','BUY'         ,'TSE:FZP.UN',null,8000,.45,null,9.99,null)
  , (2, '2012-01-03','BUY'         ,'TSE:HEJ',null,300,9.86,null,9.99,null)
  , (2, '2012-01-03','BUY'         ,'TSE:MKZ.UN',null,4000,.97,null,9.99,null)
  , (2, '2012-01-03','BUY'         ,'TSE:AFP.UN',null,5000,.45,null,9.99,null)
  , (2, '2012-01-03','SELL'        ,'NYSE:BP',null,150,44.01,-29.66,10.12,null)
  , (2, '2012-01-03','SELL'        ,'TSE:CP',null,70,69.14,null,9.99,null)
  , (2, '2012-01-03','SELL'        ,'TSE:TD',null,50,76.12,null,9.99,null)
  , (2, '2012-01-03','BUY'         ,'TSE:ERF',null,200,26.22,null,9.99,null)
  , (2, '2012-01-03','BUY'         ,'TSE:AIF',null,1000,3.66,null,9.99,null)
  , (2, '2012-01-03','SELL'        ,'NYSE:SYY',null,200,29.46,-26.47,10.11,null)
  , (2, '2012-01-03','BUY'         ,'TSE:FZP.UN',null,-8000,.45,null,-9.99,null)
  , (2, '2012-01-03','SELL'        ,'AIM1551',null,217.922,10.037,null,null,null)
  , (2, '2012-01-03','SELL'        ,'AIM1591',null,172.611,13.032,null,null,null)
  , (2, '2012-01-03','SELL'        ,'AIM321',null,152.412,8.297,null,null,null)
  , (2, '2012-01-04','FEE_REBATE'  ,'TSE:MKZ.UN',null,null,null,null,9.99,null)
  , (2, '2012-01-06','BUY'         ,'TSE:HEJ',null,500,9.70,null,9.99,null)
  , (2, '2012-01-10','BUY'         ,'TSE:FAP',null,400,7.30,null,null,null)
  , (2, '2012-01-10','BUY'         ,'TSE:FAP',null,200,7.30,null,9.99,null)
  , (2, '2012-01-10','BUY'         ,'TSE:CWA',null,600,3.70,null,9.99,null)
  , (2, '2012-01-10','BUY'         ,'TSE:WB',null,400,10.62,null,9.99,null)
  , (2, '2012-01-10','BUY'         ,'TSE:DR',null,300,11.28,null,9.99,null)
  , (2, '2012-01-10','BUY'         ,'TSE:PDV',null,500,6.65,null,9.99,null)
  , (2, '2012-01-10','BUY'         ,'TSE:NFI',null,300,6.18,null,9.99,null)
  , (2, '2012-01-10','SELL'        ,'TSE:PVE',null,500,10.12,null,9.99,null)
  , (2, '2012-01-10','SELL'        ,'TSE:PVE',null,200,10.12,null,null,null)
  , (2, '2012-01-10','BUY'         ,'TSE:JFC',null,38000,0.06,null,null,null)
  , (2, '2012-01-10','BUY'         ,'TSE:JFC',null,2000,0.0575,null,9.99,null)
  , (2, '2012-01-10','SELL'        ,'TSE:AIF',null,1200,4.15,null,9.99,null)
  , (2, '2012-01-10','SELL'        ,'TSE:AIF',null,300,4.15,null,null,null)
  , (2, '2012-01-10','SELL'        ,'TSE:ARX',null,500,24.546,null,9.99,null)
  , (2, '2012-01-10','BUY'         ,'TSE:FP',null,1600,3.90,null,9.99,null)
  , (2, '2012-01-10','SELL'        ,'TSE:RYL',null,1500,1.41,null,9.99,null)
  , (2, '2012-01-12','CASHDIV'     ,'TSE:HEJ',null,null,13.94,null,null,null)
  , (2, '2012-01-13','CASHDIV'     ,'TSE:PVE',null,null,0.63,null,null,null)
  , (2, '2012-01-13','CASHDIV'     ,'TSE:PVE',null,null,31.50,null,null,null)
  , (2, '2012-01-16','CASHDIV'     ,'TSE:GII.UN',null,null,12.60,null,null,null)
  , (2, '2012-01-16','CASHDIV'     ,'TSE:PGF',null,null,98,null,null,null)
  , (2, '2012-01-16','CASHDIV'     ,'TSE:AIF',null,null,75,null,null,null)
  , (2, '2012-01-16','CASHDIV'     ,'TSE:ARX',null,null,50,null,null,null)
  , (2, '2012-01-20','CASHDIV'     ,'TSE:MKZ.UN',null,null,240,null,null,null)
  , (2, '2012-01-20','CASHDIV'     ,'TSE:ERF',null,null,104.40,null,null,null)
  , (2, '2012-01-20','CASHDIV'     ,'TSE:MKZ.UN',null,null,-240,null,null,null)
  , (2, '2012-01-24','CASHDIV'     ,'TSE:MKZ.UN',null,null,243.29,null,null,null)
  , (2, '2012-01-24','CASHDIV'     ,'TSE:FZP.UN',null,null,282.26,null,null,null)
  , (2, '2012-01-27','CASHDIV'     ,'TSE:AFP.UN',null,null,104.20,null,null,null)
  , (2, '2012-01-27','CASHDIV'     ,'TSE:WB',null,null,97.50,null,null,null)
  , (2, '2012-01-30','BUY'         ,'TSE:HEP',null,500,7.936,null,9.99,null)
  , (2, '2012-01-30','BUY'         ,'TSE:LBS',null,700,6.05,null,9.99,null)
  , (2, '2012-01-30','SELL'        ,'TSE:FP',null,1600,4.55,null,9.99,null)
  , (2, '2012-01-30','STOCKDIV'    ,'TSE:CP',null,null,21,null,null,null)
  , (2, '2012-01-31','BUY'         ,'TSE:CWX',null,400,2.4,null,null,null)
  , (2, '2012-01-31','BUY'         ,'TSE:CWX',null,200,2.399,null,9.99,null)
  , (2, '2012-01-31','BUY'         ,'TSE:CWX',null,100,2.4,null,null,null)
  , (2, '2012-01-31','BUY'         ,'TSE:CWX',null,100,2.4,null,null,null)
  , (2, '2012-01-31','BUY'         ,'TSE:CSE',null,500,3.9482,null,9.99,null)
  , (2, '2012-01-31','SELL'        ,'TSE:SU',null,100,34.30,null,9.99,null)
  , (2, '2012-01-31','STOCKDIV'    ,'TSE:TD',null,null,34,null,null,null)
  , (2, '2012-02-01','BUY'         ,'TSE:CGQ.E',null,400,6.05,null,9.99,null)
  , (2, '2012-02-01','BUY'         ,'TSE:LPV.UN',null,10000,0.31575,null,9.99,null)
  , (2, '2012-02-01','BUY'         ,'TSE:CHR.B',null,700,3.66,null,19.98,null)
  , (2, '2012-02-01','BUY'         ,'TSE:CHR.B',null,100,3.66,null,null,null)
  , (2, '2012-02-01','SELL'        ,'NASDAQ:ORCL',null,300,28.30,-152.64,10.16,null)
  , (2, '2012-02-01','STOCKDIV'    ,'NASDAQ:ORCL',null,null,17.88,null,null,null)
  , (2, '2012-02-02','SELL'        ,'AIM1551',null,499.528,10.571,null,null,null)
  , (2, '2012-02-06','BUY'         ,'NASDAQ:AGNC',null,150,29.57,73.35,9.99,null)
  , (2, '2012-02-06','SELL'        ,'TSE:NFI',null,300,7.35,null,9.99,null)
  , (2, '2012-02-06','BUY'         ,'NYSE:CIM',null,1200,3.15,62.53,9.99,null)
  , (2, '2012-02-06','BUY'         ,'NASDAQ:FTR',null,900,4.45,66.25,9.99,null)
  , (2, '2012-02-06','BUY'         ,'NYSE:IVR',null,250,15.85,65.55,9.99,null)
  , (2, '2012-02-06','BUY'         ,'NASDAQ:SBLK',null,4000,1.1599,76.72,9.99,null)
  , (2, '2012-02-06','BUY'         ,'NYSE:ARR',null,500,7.02,58.08,9.99,null)
  , (2, '2012-02-06','BUY'         ,'NYSE:TWO',null,400,9.94,65.77,9.99,null)
  , (2, '2012-02-06','BUY'         ,'NASDAQ:LPHI',null,900,4.94,73.52,9.99,null)
  , (2, '2012-02-06','BUY'         ,'NYSE:WHX',null,200,19.01,62.90,9.99,null)
  , (2, '2012-02-06','BUY'         ,'NYSE:CEL',null,200,15.08,49.93,9.99,null)
  , (2, '2012-02-06','STOCKDIV'    ,'TSE:CWA',null,null,21,null,null,null)
  , (2, '2012-02-06','CONTRIBUTION',null,null,null,500,null,null,null)
  , (2, '2012-02-06','SELL'        ,'AIM1591',null,1553.503,13.583,-325.70,null,null)
  , (2, '2012-02-06','SELL'        ,'AIM321',null,1371.711,8.524,-203.05,null,null)
  , (2, '2012-02-10','CASHDIV'     ,'TSE:HEJ',null,null,127.37,null,null,null)
  , (2, '2012-02-10','CASHDIV'     ,'TSE:PDV',null,null,31.25,null,null,null)
  , (2, '2012-02-13','SELL'        ,'TSE:DR',null,300,12.54,null,9.99,null)
  , (2, '2012-02-13','BUY'         ,'NYSE:CIM',null,1000,2.99,54.00,9.99,null)
  , (2, '2012-02-14','CASHDIV'     ,'TSE:GII.UN',null,null,174.60,null,null,null)
  , (2, '2012-02-15','STOCKDIV'    ,'TSE:PGF',null,null,1.96,null,null,null)
  , (2, '2012-02-15','STOCKDIV'    ,'TSE:DR',null,null,27.51,null,null,null)
  , (2, '2012-02-15','STOCKDIV'    ,'TSE:PGF',null,null,98,null,null,null)
  , (2, '2012-02-15','STOCKDIV'    ,'TSE:NFI',null,null,21.50,null,null,null)
  , (2, '2012-02-16','SELL'        ,'TSE:LBS',null,600,6.37,null,9.99,null)
  , (2, '2012-02-16','SELL'        ,'TSE:CWA',null,600,4.28,null,9.99,null)
  , (2, '2012-02-16','SELL'        ,'TSE:LBS',null,100,6.37,null,null,null)
  , (2, '2012-02-16','BUY'         ,'TSE:CSE',null,1000,3.948,null,9.99,null)
  , (2, '2012-02-16','BUY'         ,'TSE:CHR.B',null,1100,3.675,null,9.99,null)
  , (2, '2012-02-17','STOCKDIV'    ,'TSE:FAP',null,null,30,null,null,null)
  , (2, '2012-02-17','CONTRIBUTION',null,null,null,200,null,null,null)
  , (2, '2012-02-21','SELL'        ,'TSE:CWX',null,800,2.79,null,9.99,null)
  , (2, '2012-02-21','CASHDIV'     ,'TSE:ERF',null,null,104.40,null,null,null)
  , (2, '2012-02-22','BUY'         ,'TSE:SPB',null,100,6.33,null,9.99,null)
  , (2, '2012-02-22','BUY'         ,'TSE:SPB',null,100,6.33,null,null,null)
  , (2, '2012-02-22','BUY'         ,'TSE:SPB',null,100,6.33,null,null,null)
  , (2, '2012-02-24','SELL'        ,'TSE:SPB',null,300,7.21,null,9.99,null)
  , (2, '2012-02-27','BUY'         ,'TSE:CWX',null,1000,2.74,null,9.99,null)
  , (2, '2012-02-28','CASHDIV'     ,'NYSE:ARR',null,null,54.70,null,null,null)
  , (2, '2012-02-29','CASHDIV'     ,'NYSE:WHX',null,null,99.59,null,null,null)
  , (2, '2012-02-29','CASHDIV'     ,'TSE:FP',null,null,80,null,null,null)
  , (2, '2012-03-01','TRANSFER_IN' ,null,null,null,null,null,null,58133.55)
  , (2, '2012-03-02','BUY'         ,'TSE:EXE.UN',null,400,8.35,null,null,null)
  , (2, '2012-03-02','BUY'         ,'TSE:EXE.UN',null,300,8.35,null,9.99,null)
  , (2, '2012-03-02','BUY'         ,'TSE:RPI.UN',null,200,8.69,null,null,null)
  , (2, '2012-03-02','BUY'         ,'TSE:RPI.UN',null,500,8.7,null,9.99,null)
  , (2, '2012-03-02','BUY'         ,'TSE:PME',null,400,10.61,null,9.99,null)
  , (2, '2012-03-02','BUY'         ,'TSE:TPK',null,2200,2.8,null,9.99,null)
  , (2, '2012-03-02','BUY'         ,'TSE:PDV',null,700,7.15,null,9.99,null)
  , (2, '2012-03-02','BUY'         ,'TSE:JE',null,300,13.06,null,9.99,null)
  , (2, '2012-03-02','BUY'         ,'TSE:JE',null,100,13.06,null,null,null)
  , (2, '2012-03-02','BUY'         ,'TSE:AIF',null,900,6.0,null,9.99,null)
  , (2, '2012-03-02','BUY'         ,'TSE:AVF',null,500,5.649,null,9.99,null)
  , (2, '2012-03-02','BUY'         ,'TSE:MKP',null,300,14.85,null,9.99,null)
  , (2, '2012-03-02','BUY'         ,'TSE:GCL',null,400,11.13,null,9.99,null)
  , (2, '2012-03-02','BUY'         ,'TSE:FP',null,400,4.80,null,null,null)
  , (2, '2012-03-02','BUY'         ,'TSE:FP',null,600,4.79,null,9.99,null)
  , (2, '2012-03-02','BUY'         ,'TSE:DGI',null,500,4.86,null,null,null)
  , (2, '2012-03-02','BUY'         ,'TSE:DGI',null,200,4.859,null,9.99,null)
  , (2, '2012-03-06','STOCKDIV'    ,'NASDAQ:SBLK',null,null,59.04,null,null,null)
  , (2, '2012-03-09','CASHDIV'     ,'TSE:CGQ.E',null,null,35,null,null,null)
  , (2, '2012-03-09','CASHDIV'     ,'TSE:PDV',null,null,31.25,null,null,null)
  , (2, '2012-03-12','CASHDIV'     ,'TSE:HEP',null,null,50.26,null,null,null)
  , (2, '2012-03-12','CASHDIV'     ,'TSE:HEJ',null,null,104.09,null,null,null)
  , (2, '2012-03-14','CASHDIV'     ,'TSE:GII.UN',null,null,174.60,null,null,null)
  , (2, '2012-03-15','STOCKDIV'    ,'TSE:PGF',null,null,1.96,null,null,null)
  , (2, '2012-03-15','STOCKDIV'    ,'TSE:PGF',null,null,98,null,null,null)
  , (2, '2012-03-15','STOCKDIV'    ,'TSE:CSE',null,null,82.50,null,null,null)
  , (2, '2012-03-15','STOCKDIV'    ,'NASDAQ:LPHI',null,null,88.38,null,null,null)
  , (2, '2012-03-16','STOCKDIV'    ,'TSE:FAP',null,null,30,null,null,null)
  , (2, '2012-03-20','CASHDIV'     ,'TSE:ERF',null,null,104.40,null,null,null)
  , (2, '2012-03-29','CASHDIV'     ,'NYSE:ARR',null,null,54.29,null,null,null)
  , (2, '2012-03-30','SELL'        ,'TSE:FZP.UN',null,1000,0,null,null,null)
  , (2, '2012-03-30','STOCKDIV'    ,'NASDAQ:FTR',null,null,89.24,null,null,null)
  , (2, '2012-03-30','CASHDIV'     ,'TSE:MKP',null,null,180,null,null,null)
  , (2, '2012-04-02','STOCKDIV'    ,'TSE:JE',null,null,41.33,null,null,null)
  , (2, '2012-04-10','CASHDIV'     ,'TSE:CGQ.E',null,null,35,null,null,null)
  , (2, '2012-04-10','CASHDIV'     ,'TSE:PDV',null,null,75,null,null,null)
  , (2, '2012-04-11','SELL'        ,'TSE:AIF',null,900,6.8,null,9.99,null)
  , (2, '2012-04-11','BUY'         ,'TSE:AVF',null,500,3.9,null,9.99,null)
  , (2, '2012-04-12','CASHDIV'     ,'TSE:HEP',null,null,45.65,null,null,null)
  , (2, '2012-04-12','CASHDIV'     ,'TSE:HEJ',null,null,101.51,null,null,null)
  , (2, '2012-04-13','BUY'         ,'NYSE:CIM',null,700,2.79,35.33,9.99,null)
  , (2, '2012-04-13','BUY'         ,'NYSE:ARR',null,300,6.77,36.74,9.99,null)
  , (2, '2012-04-13','BUY'         ,'TSE:NFI',null,200,7.15,null,9.99,null)
  , (2, '2012-04-13','STOCKDIV'    ,'TSE:FAP',null,null,30,null,null,null)
  , (2, '2012-04-13','CASHDIV'     ,'TSE:PME',null,null,36,null,null,null)
  , (2, '2012-04-13','CASHDIV'     ,'TSE:RPI.UN',null,null,45.85,null,null,null)
  , (2, '2012-04-13','STOCKDIV'    ,'TSE:CWX',null,null,70,null,null,null)
  , (2, '2012-04-13','STOCKDIV'    ,'TSE:DGI',null,null,37.94,null,null,null)
  , (2, '2012-04-16','STOCKDIV'    ,'TSE:PGF',null,null,1.96,null,null,null)
  , (2, '2012-04-16','STOCKDIV'    ,'TSE:PGF',null,null,98,null,null,null)
  , (2, '2012-04-16','CASHDIV'     ,'TSE:EXE.UN',null,null,49,null,null,null)
  , (2, '2012-04-16','STOCKDIV'    ,'TSE:TPK',null,null,137.50,null,null,null)
  , (2, '2012-04-16','STOCKDIV'    ,'TSE:CSE',null,null,82.50,null,null,null)
  , (2, '2012-04-16','STOCKDIV'    ,'TSE:AIF',null,null,135,null,null,null)
  , (2, '2012-04-16','STOCKDIV'    ,'TSE:AVF',null,null,22.50,null,null,null)
  , (2, '2012-04-16','STOCKDIV'    ,'TSE:GCL',null,null,72,null,null,null)
  , (2, '2012-04-16','SELL'        ,'NASDAQ:LPHI',null,900,2.98,-76.15,10.06,null)
  , (2, '2012-04-16','BUY'         ,'TSE:STQ.E',null,300,8.80,null,9.99,null)
  , (2, '2012-04-16','BUY'         ,'TSE:STQ.E',null,100,8.81,null,null,null)
  , (2, '2012-04-17','CASHDIV'     ,'TSE:GII.UN',null,null,174.60,null,null,null)
  , (2, '2012-04-18','STOCKDIV'    ,'TSE:CHR.B',null,null,285,null,null,null)
  , (2, '2012-04-20','STOCKDIV'    ,'NYSE:TWO',null,null,157.28,null,null,null)
  , (2, '2012-04-20','CASHDIV'     ,'TSE:ERF',null,null,104.40,null,null,null)
  , (2, '2012-04-24','STOCKDIV'    ,'TSE:JFC',null,null,22,null,null,null)
  , (2, '2012-04-27','CASHDIV'     ,'NASDAQ:AGNC',null,null,182.34,null,null,null)
  , (2, '2012-04-27','STOCKDIV'    ,'TSE:WB',null,null,97.50,null,null,null)
  , (2, '2012-04-27','CASHDIV'     ,'TSE:LPV.UN',null,null,35,null,null,null)
  , (2, '2012-04-27','CASHDIV'     ,'NYSE:CIM',null,null,235.35,null,null,null)
  , (2, '2012-04-27','CASHDIV'     ,'NYSE:IVR',null,null,158.03,null,null,null)
  , (2, '2012-04-27','CASHDIV'     ,'NYSE:ARR',null,null,48.63,null,null,null)
  , (2, '2012-04-30','STOCKDIV'    ,'TSE:JE',null,null,41.33,null,null,null)
  , (2, '2012-04-30','STOCKDIV'    ,'TSE:FP',null,null,50,null,null,null)
  , (2, '2012-05-10','CASHDIV'     ,'TSE:HEP',null,null,46.22,null,null,null)
  , (2, '2012-05-10','CASHDIV'     ,'TSE:CGQ.E',null,null,35,null,null,null)
  , (2, '2012-05-10','CASHDIV'     ,'TSE:HEJ',null,null,102.61,null,null,null)
  , (2, '2012-05-10','CASHDIV'     ,'TSE:STQ.E',null,null,35,null,null,null)
  , (2, '2012-05-10','CASHDIV'     ,'TSE:PDV',null,null,75,null,null,null)
  , (2, '2012-05-11','STOCKDIV'    ,'TSE:FAP',null,null,30,null,null,null)
  , (2, '2012-05-14','BUY'         ,'TSE:IMN',null,50,46.90,null,9.99,null)
  , (2, '2012-05-14','CASHDIV'     ,'TSE:RPI.UN',null,null,45.85,null,null,null)
  , (2, '2012-05-15','CASHDIV'     ,'TSE:GII.UN',null,null,174.60,null,null,null)
  , (2, '2012-05-15','STOCKDIV'    ,'TSE:PGF',null,null,1.96,null,null,null)
  , (2, '2012-05-15','STOCKDIV'    ,'TSE:PGF',null,null,98,null,null,null)
  , (2, '2012-05-15','CASHDIV'     ,'TSE:EXE.UN',null,null,49,null,null,null)
  , (2, '2012-05-15','CASHDIV'     ,'TSE:PME',null,null,36,null,null,null)
  , (2, '2012-05-15','STOCKDIV'    ,'TSE:CSE',null,null,82.50,null,null,null)
  , (2, '2012-05-15','STOCKDIV'    ,'TSE:NFI',null,null,14.33,null,null,null)
  , (2, '2012-05-15','STOCKDIV'    ,'TSE:AVF',null,null,35,null,null,null)
  , (2, '2012-05-15','STOCKDIV'    ,'TSE:DGI',null,null,37.94,null,null,null)
  , (2, '2012-05-17','STOCKDIV'    ,'NYSE:CEL',null,null,28.40,null,null,null)
  , (2, '2012-05-17','CASHDIV'     ,'TSE:ERF',null,null,104.40,null,null,null)
  , (2, '2012-05-30','STOCKDIV'    ,'NYSE:WHX',null,null,102.90,null,null,null)
  , (2, '2012-05-30','CASHDIV'     ,'NYSE:ARR',null,null,81.28,null,null,null)
  , (2, '2012-05-31','STOCKDIV'    ,'TSE:JE',null,null,41.33,null,null,null)
  , (2, '2012-05-31','STOCKDIV'    ,'TSE:FP',null,null,50,null,null,null)
  , (2, '2012-06-01','BUY'         ,'TSE:FP',null,200,4,null,9.99,null)
  , (2, '2012-06-08','CASHDIV'     ,'TSE:CGQ.E',null,null,35,null,null,null)
  , (2, '2012-06-08','CASHDIV'     ,'TSE:STQ.E',null,null,35,null,null,null)
  , (2, '2012-06-08','CASHDIV'     ,'TSE:PDV',null,null,75,null,null,null)
  , (2, '2012-06-12','CASHDIV'     ,'TSE:HEP',null,null,48.23,null,null,null)
  , (2, '2012-06-12','CASHDIV'     ,'TSE:HEJ',null,null,95.45,null,null,null)
  , (2, '2012-06-14','CASHDIV'     ,'TSE:GII.UN',null,null,174.60,null,null,null)
  , (2, '2012-06-14','CASHDIV'     ,'TSE:RPI.UN',null,null,45.85,null,null,null)
  , (2, '2012-06-15','STOCKDIV'    ,'TSE:PGF',null,null,1.96,null,null,null)
  , (2, '2012-06-15','CASHDIV'     ,'TSE:EXE.UN',null,null,49,null,null,null)
  , (2, '2012-06-15','STOCKDIV'    ,'TSE:FAP',null,null,30,null,null,null)
  , (2, '2012-06-15','CASHDIV'     ,'TSE:PME',null,null,36,null,null,null)
  , (2, '2012-06-15','STOCKDIV'    ,'TSE:PGF',null,null,98,null,null,null)
  , (2, '2012-06-15','STOCKDIV'    ,'TSE:CSE',null,null,82.50,null,null,null)
  , (2, '2012-06-15','STOCKDIV'    ,'TSE:NFI',null,null,14.33,null,null,null)
  , (2, '2012-06-15','STOCKDIV'    ,'TSE:AVF',null,null,35,null,null,null)
  , (2, '2012-06-15','STOCKDIV'    ,'TSE:IMN',null,null,5,null,null,null)
  , (2, '2012-06-15','STOCKDIV'    ,'TSE:DGI',null,null,37.94,null,null,null)
  , (2, '2012-06-20','STOCKDIV'    ,'NASDAQ:SBLK',null,null,60.72,null,null,null)
  , (2, '2012-06-20','CASHDIV'     ,'TSE:ERF',null,null,104.40,null,null,null)
  , (2, '2012-06-28','CASHDIV'     ,'NYSE:ARR',null,null,81.32,null,null,null)
  , (2, '2012-06-29','STOCKDIV'    ,'NASDAQ:FTR',null,null,92.16,null,null,null)
  , (2, '2012-06-29','CASHDIV'     ,'TSE:MKP',null,null,81,null,null,null)
  , (2, '2012-06-29','STOCKDIV'    ,'TSE:FP',null,null,50,null,null,null)
  , (2, '2012-07-03','STOCKDIV'    ,'TSE:JE',null,null,41.33,null,null,null)
  , (2, '2012-07-09','MERGER'      ,'TSE:EXE.UN','TSE:EXE',700,700,null,null,null)
  , (2, '2012-07-10','CASHDIV'     ,'TSE:CGQ.E',null,null,35,null,null,null)
  , (2, '2012-07-10','CASHDIV'     ,'TSE:STQ.E',null,null,35,null,null,null)
  , (2, '2012-07-10','CASHDIV'     ,'TSE:PDV',null,null,75,null,null,null)
  , (2, '2012-07-12','CASHDIV'     ,'TSE:HEP',null,null,26.85,null,null,null)
  , (2, '2012-07-12','CASHDIV'     ,'TSE:HEJ',null,null,91.04,null,null,null)
  , (2, '2012-07-13','STOCKDIV'    ,'TSE:FAP',null,null,30,null,null,null)
  , (2, '2012-07-13','CASHDIV'     ,'TSE:PME',null,null,36,null,null,null)
  , (2, '2012-07-13','CASHDIV'     ,'TSE:RPI.UN',null,null,45.85,null,null,null)
  , (2, '2012-07-13','STOCKDIV'    ,'TSE:CWX',null,null,70,null,null,null)
  , (2, '2012-07-13','STOCKDIV'    ,'TSE:DGI',null,null,37.94,null,null,null)
  , (2, '2012-07-16','STOCKDIV'    ,'TSE:PGF',null,null,1.96,null,null,null)
  , (2, '2012-07-16','CASHDIV'     ,'TSE:EXE',null,null,49,null,null,null)
  , (2, '2012-07-16','STOCKDIV'    ,'TSE:TPK',null,null,137.50,null,null,null)
  , (2, '2012-07-16','STOCKDIV'    ,'TSE:PGF',null,null,98,null,null,null)
  , (2, '2012-07-16','STOCKDIV'    ,'TSE:CSE',null,null,37.50,null,null,null)
  , (2, '2012-07-16','STOCKDIV'    ,'TSE:NFI',null,null,14.33,null,null,null)
  , (2, '2012-07-16','STOCKDIV'    ,'TSE:AVF',null,null,35,null,null,null)
  , (2, '2012-07-16','STOCKDIV'    ,'TSE:GCL',null,null,72,null,null,null)
  , (2, '2012-07-17','SELL'        ,'NYSE:IVR',null,250,19.08,-23.80,10.10,null)
  , (2, '2012-07-17','SELL'        ,'TSE:CSE',null,1500,4.13,null,9.99,null)
  , (2, '2012-07-17','BUY'         ,'TSE:NFI',null,500,6.64,null,9.99,null)
  , (2, '2012-07-17','BUY'         ,'TSE:DGI',null,500,4.16,null,9.99,null)
  , (2, '2012-07-17','CASHDIV'     ,'TSE:GII.UN',null,null,174.60,null,null,null)
  , (2, '2012-07-18','CASHDIV'     ,'TSE:CHR.B',null,null,285,null,null,null)
  , (2, '2012-07-20','BUY'         ,'TSE:FP',null,800,3.99,null,9.99,null)
  , (2, '2012-07-20','STOCKDIV'    ,'NYSE:TWO',null,null,159.76,null,null,null)
  , (2, '2012-07-20','CASHDIV'     ,'TSE:ERF',null,null,52.20,null,null,null)
  , (2, '2012-07-26','CASHDIV'     ,'NYSE:CIM',null,null,263.35,null,null,null)
  , (2, '2012-07-27','EXCHADJ'     ,'TSE:MKP.RT',null,300,0.11,null,null,null)
  , (2, '2012-07-27','CASHDIV'     ,'NASDAQ:AGNC',null,null,187.22,null,null,null)
  , (2, '2012-07-27','STOCKDIV'    ,'NYSE:CEL',null,null,48.28,null,null,null)
  , (2, '2012-07-27','STOCKDIV'    ,'TSE:WB',null,null,97.50,null,null,null)
  , (2, '2012-07-27','CASHDIV'     ,'TSE:LPV.UN',null,null,31,null,null,null)
  , (2, '2012-07-27','CASHDIV'     ,'NYSE:IVR',null,null,162.26,null,null,null)
  , (2, '2012-07-30','CASHDIV'     ,'NYSE:ARR',null,null,79.92,null,null,null)
  , (2, '2012-07-31','STOCKDIV'    ,'TSE:JE',null,null,41.33,null,null,null)
  , (2, '2012-07-31','STOCKDIV'    ,'TSE:FP',null,null,60,null,null,null)
  , (2, '2012-08-10','CASHDIV'     ,'TSE:CGQ.E',null,null,35,null,null,null)
  , (2, '2012-08-10','CASHDIV'     ,'TSE:STQ.E',null,null,35,null,null,null)
  , (2, '2012-08-10','CASHDIV'     ,'TSE:PDV',null,null,75,null,null,null)
  , (2, '2012-08-13','CASHDIV'     ,'TSE:HEP',null,null,36.37,null,null,null)
  , (2, '2012-08-13','CASHDIV'     ,'TSE:HEJ',null,null,74.76,null,null,null)
  , (2, '2012-08-14','CASHDIV'     ,'TSE:RPI.UN',null,null,45.85,null,null,null)
  , (2, '2012-08-15','CASHDIV'     ,'TSE:GII.UN',null,null,659.60,null,null,null)
  , (2, '2012-08-15','STOCKDIV'    ,'TSE:PGF',null,null,1.12,null,null,null)
  , (2, '2012-08-15','CASHDIV'     ,'TSE:PME',null,null,36,null,null,null)
  , (2, '2012-08-15','STOCKDIV'    ,'TSE:PGF',null,null,56,null,null,null)
  , (2, '2012-08-15','STOCKDIV'    ,'TSE:NFI',null,null,50.17,null,null,null)
  , (2, '2012-08-15','STOCKDIV'    ,'TSE:EXE',null,null,49,null,null,null)
  , (2, '2012-08-15','STOCKDIV'    ,'TSE:AVF',null,null,35,null,null,null)
  , (2, '2012-08-15','STOCKDIV'    ,'TSE:DGI',null,null,65.04,null,null,null)
  , (2, '2012-08-17','SELL'        ,'TSE:NFI',null,700,7.657143,null,9.99,null)
  , (2, '2012-08-17','BUY'         ,'NYSE:CIM',null,900,2.44,15.44,9.99,null)
  , (2, '2012-08-17','BUY'         ,'TSE:HEP',null,1000,6.18,null,9.99,null)
  , (2, '2012-08-17','BUY'         ,'TSE:HEJ',null,500,8.96,null,9.99,null)
  , (2, '2012-08-17','STOCKDIV'    ,'TSE:FAP',null,null,30,null,null,null)
  , (2, '2012-08-20','CASHDIV'     ,'TSE:ERF',null,null,52.20,null,null,null)
  , (2, '2012-08-30','STOCKDIV'    ,'NYSE:WHX',null,null,94.12,null,null,null)
  , (2, '2012-08-30','CASHDIV'     ,'NYSE:ARR',null,null,78.44,null,null,null)
  , (2, '2012-08-30','EXCHADJ'     ,'TSE:MKP.RT',null,-300,0.11,null,null,null)
  , (2, '2012-08-31','STOCKDIV'    ,'TSE:JE',null,null,41.33,null,null,null)
  , (2, '2012-08-31','STOCKDIV'    ,'TSE:FP',null,null,100,null,null,null)
  , (2, '2012-09-10','CASHDIV'     ,'TSE:CGQ.E',null,null,35,null,null,null)
  , (2, '2012-09-10','CASHDIV'     ,'TSE:STQ.E',null,null,35,null,null,null)
  , (2, '2012-09-10','CASHDIV'     ,'TSE:PDV',null,null,75,null,null,null)
  , (2, '2012-09-13','CASHDIV'     ,'TSE:HEP',null,null,80.61,null,null,null)
  , (2, '2012-09-13','CASHDIV'     ,'TSE:HEJ',null,null,94.25,null,null,null)
  , (2, '2012-09-14','STOCKDIV'    ,'TSE:FAP',null,null,30,null,null,null)
  , (2, '2012-09-14','CASHDIV'     ,'TSE:PME',null,null,36,null,null,null)
  , (2, '2012-09-14','CASHDIV'     ,'TSE:RPI.UN',null,null,45.85,null,null,null)
  , (2, '2012-09-14','STOCKDIV'    ,'TSE:DGI',null,null,65.04,null,null,null)
  , (2, '2012-09-17','CASHDIV'     ,'TSE:GII.UN',null,null,174.60,null,null,null)
  , (2, '2012-09-17','STOCKDIV'    ,'TSE:PGF',null,null,1.12,null,null,null)
  , (2, '2012-09-17','STOCKDIV'    ,'TSE:PGF',null,null,56,null,null,null)
  , (2, '2012-09-17','STOCKDIV'    ,'TSE:EXE',null,null,49,null,null,null)
  , (2, '2012-09-17','STOCKDIV'    ,'TSE:AVF',null,null,35,null,null,null)
  , (2, '2012-09-18','STOCKDIV'    ,'NASDAQ:SBLK',null,null,57.84,null,null,null)
  , (2, '2012-09-20','CASHDIV'     ,'TSE:ERF',null,null,52.20,null,null,null)
  , (2, '2012-09-27','CASHDIV'     ,'NYSE:ARR',null,null,77.84,null,null,null)
  , (2, '2012-09-28','STOCKDIV'    ,'NASDAQ:FTR',null,null,87.66,null,null,null)
  , (2, '2012-09-28','CASHDIV'     ,'TSE:MKP',null,null,81,null,null,null)
  , (2, '2012-09-28','STOCKDIV'    ,'TSE:FP',null,null,100,null,null,null)
  , (2, '2012-09-30','STOCKDIV'    ,'TSE:JE',null,null,41.33,null,null,null)
  , (2, '2012-10-09','BUY'         ,'TSE:MMP.UN',null,600,7.91,null,9.99,null)
  , (2, '2012-10-09','SELL'        ,'TSE:WB',null,400,11.93,null,9.99,null)
  , (2, '2012-10-09','SELL'        ,'NYSE:TWO',null,400,12.16,-196.58,10.10,null)
  , (2, '2012-10-09','SELL'        ,'TSE:IMN',null,50,47.03,null,9.99,null)
  , (2, '2012-10-09','BUY'         ,'TSE:AVF',null,1300,3,null,9.99,null)
  , (2, '2012-10-09','BUY'         ,'TSE:FP',null,700,4.27,null,9.99,null)
  , (2, '2012-10-09','BUY'         ,'TSE:IBG',null,200,9.61,null,9.99,null)
  , (2, '2012-10-10','CASHDIV'     ,'TSE:CGQ.E',null,null,35,null,null,null)
  , (2, '2012-10-10','CASHDIV'     ,'TSE:STQ.E',null,null,35,null,null,null)
  , (2, '2012-10-10','CASHDIV'     ,'TSE:PDV',null,null,75,null,null,null)
  , (2, '2012-10-11','CASHDIV'     ,'TSE:HEP',null,null,46.97,null,null,null)
  , (2, '2012-10-11','CASHDIV'     ,'TSE:HEJ',null,null,82.35,null,null,null)
  , (2, '2012-10-12','STOCKDIV'    ,'TSE:FAP',null,null,30,null,null,null)
  , (2, '2012-10-12','CASHDIV'     ,'TSE:RPI.UN',null,null,45.85,null,null,null)
  , (2, '2012-10-15','CASHDIV'     ,'TSE:GII.UN',null,null,174.60,null,null,null)
  , (2, '2012-10-15','STOCKDIV'    ,'TSE:PGF',null,null,1.12,null,null,null)
  , (2, '2012-10-15','CASHDIV'     ,'TSE:PME',null,null,36,null,null,null)
  , (2, '2012-10-15','STOCKDIV'    ,'TSE:CWX',null,null,70,null,null,null)
  , (2, '2012-10-15','STOCKDIV'    ,'TSE:TPK',null,null,137.50,null,null,null)
  , (2, '2012-10-15','STOCKDIV'    ,'TSE:PGF',null,null,56,null,null,null)
  , (2, '2012-10-15','STOCKDIV'    ,'TSE:EXE',null,null,49,null,null,null)
  , (2, '2012-10-15','STOCKDIV'    ,'TSE:AVF',null,null,35,null,null,null)
  , (2, '2012-10-15','STOCKDIV'    ,'TSE:GCL',null,null,72,null,null,null)
  , (2, '2012-10-15','STOCKDIV'    ,'TSE:DGI',null,null,65.04,null,null,null)
  , (2, '2012-10-17','STOCKDIV'    ,'TSE:CHR.B',null,null,285,null,null,null)
  , (2, '2012-10-18','SPLIT'       ,'NASDAQ:SBLK',null,-3734,null,null,null,null)
  , (2, '2012-10-19','CASHDIV'     ,'TSE:ERF',null,null,52.20,null,null,null)
  , (2, '2012-10-22','STOCKDIV'    ,'NYSE:TWO',null,null,141.77,null,null,null)
  , (2, '2012-10-22','SPLIT_CASH'  ,'NASDAQ:SBLK',null,null,4.94,null,null,null)
  , (2, '2012-10-26','CASHDIV'     ,'NASDAQ:AGNC',null,null,184.13,null,null,null)
  , (2, '2012-10-29','CASHDIV'     ,'TSE:LPV.UN',null,null,29,null,null,null)
  , (2, '2012-10-29','CASHDIV'     ,'NYSE:CIM',null,null,337.73,null,null,null)
  , (2, '2012-10-30','CASHDIV'     ,'NYSE:ARR',null,null,71.35,null,null,null)
  , (2, '2012-10-31','STOCKDIV'    ,'TSE:JE',null,null,41.33,null,null,null)
  , (2, '2012-10-31','STOCKDIV'    ,'TSE:FP',null,null,100,null,null,null)
  , (2, '2012-11-01','BUY'         ,'TSE:DGI',null,600,3.55,null,9.99,null)
  , (2, '2012-11-05','CASHDIV'     ,'TSE:AFP.UN',null,null,4.20,null,null,null)
  , (2, '2012-11-05','CASHDIV'     ,'TSE:LPV.UN',null,null,31,null,null,null)
  , (2, '2012-11-06','CASHDIV'     ,'TSE:LPV.UN',null,null,1200,null,null,null)
  , (2, '2012-11-06','CASHDIV'     ,'TSE:LPV.UN',null,null,-1200,null,null,null)
  , (2, '2012-11-08','CASHDIV'     ,'TSE:AFP.UN',null,null,120,null,null,null)
  , (2, '2012-11-08','CASHDIV'     ,'TSE:AFP.UN',null,null,-120,null,null,null)
  , (2, '2012-11-09','CASHDIV'     ,'TSE:HEP',null,null,59.13,null,null,null)
  , (2, '2012-11-09','CASHDIV'     ,'TSE:CGQ.E',null,null,35,null,null,null)
  , (2, '2012-11-09','CASHDIV'     ,'TSE:HEJ',null,null,85.08,null,null,null)
  , (2, '2012-11-09','CASHDIV'     ,'TSE:STQ.E',null,null,35,null,null,null)
  , (2, '2012-11-09','CASHDIV'     ,'TSE:PDV',null,null,75,null,null,null)
  , (2, '2012-11-14','CASHDIV'     ,'TSE:RPI.UN',null,null,45.85,null,null,null)
  , (2, '2012-11-15','CASHDIV'     ,'TSE:GII.UN',null,null,174.60,null,null,null)
  , (2, '2012-11-15','STOCKDIV'    ,'TSE:PGF',null,null,1.12,null,null,null)
  , (2, '2012-11-15','CASHDIV'     ,'TSE:PME',null,null,36,null,null,null)
  , (2, '2012-11-15','CASHDIV'     ,'TSE:MMP.UN',null,null,60,null,null,null)
  , (2, '2012-11-15','STOCKDIV'    ,'TSE:PGF',null,null,56,null,null,null)
  , (2, '2012-11-15','STOCKDIV'    ,'TSE:EXE',null,null,49,null,null,null)
  , (2, '2012-11-15','STOCKDIV'    ,'TSE:AVF',null,null,80.50,null,null,null)
  , (2, '2012-11-15','STOCKDIV'    ,'TSE:DGI',null,null,65.04,null,null,null)
  , (2, '2012-11-16','STOCKDIV'    ,'TSE:FAP',null,null,30,null,null,null)
  , (2, '2012-11-20','CASHDIV'     ,'TSE:ERF',null,null,52.20,null,null,null)
  , (2, '2012-11-23','SELL'        ,'TSE:AFP.UN',null,6000,0.02,null,null,null)
  , (2, '2012-11-23','SELL'        ,'TSE:LPV.UN',null,10000,0.12,null,null,null)
  , (2, '2012-11-29','CASHDIV'     ,'NYSE:ARR',null,null,70.99,null,null,null)
  , (2, '2012-11-29','STOCKDIV'    ,'NYSE:WHX',null,null,70.72,null,null,null)
  , (2, '2012-11-30','STOCKDIV'    ,'TSE:JE',null,null,41.33,null,null,null)
  , (2, '2012-11-30','STOCKDIV'    ,'TSE:FP',null,null,135,null,null,null)
  , (2, '2012-11-30','STOCKDIV'    ,'TSE:IBG',null,null,18.40,null,null,null)
  , (2, '2012-12-10','CASHDIV'     ,'TSE:CGQ.E',null,null,35,null,null,null)
  , (2, '2012-12-10','CASHDIV'     ,'TSE:STQ.E',null,null,35,null,null,null)
  , (2, '2012-12-10','CASHDIV'     ,'TSE:PDV',null,null,75,null,null,null)
  , (2, '2012-12-12','CASHDIV'     ,'TSE:HEP',null,null,83.19,null,null,null)
  , (2, '2012-12-12','CASHDIV'     ,'TSE:HEJ',null,null,85.76,null,null,null)
  , (2, '2012-12-14','CASHDIV'     ,'TSE:GII.UN',null,null,174.60,null,null,null)
  , (2, '2012-12-14','STOCKDIV'    ,'TSE:FAP',null,null,30,null,null,null)
  , (2, '2012-12-14','CASHDIV'     ,'TSE:PME',null,null,36,null,null,null)
  , (2, '2012-12-14','CASHDIV'     ,'TSE:RPI.UN',null,null,45.85,null,null,null)
  , (2, '2012-12-14','CASHDIV'     ,'TSE:MMP.UN',null,null,60,null,null,null)
  , (2, '2012-12-14','STOCKDIV'    ,'TSE:DGI',null,null,97.56,null,null,null)
  , (2, '2012-12-17','STOCKDIV'    ,'TSE:PGF',null,null,56,null,null,null)
  , (2, '2012-12-17','STOCKDIV'    ,'TSE:EXE',null,null,49,null,null,null)
  , (2, '2012-12-17','STOCKDIV'    ,'TSE:AVF',null,null,80.50,null,null,null)
  , (2, '2012-12-20','CASHDIV'     ,'TSE:ERF',null,null,52.20,null,null,null)
  , (2, '2012-12-24','STOCKDIV'    ,'TSE:IBG',null,null,18.40,null,null,null)
  , (2, '2012-12-28','CASHDIV'     ,'NYSE:ARR',null,null,70.74,null,null,null)
  , (2, '2012-12-31','STOCKDIV'    ,'TSE:CWX',null,null,70,null,null,null)
  , (2, '2012-12-31','STOCKDIV'    ,'NASDAQ:FTR',null,null,88.74,null,null,null)
  , (2, '2012-12-31','STOCKDIV'    ,'TSE:JE',null,null,41.33,null,null,null)
  , (2, '2012-12-31','STOCKDIV'    ,'TSE:FP',null,null,135,null,null,null)
  , (2, '2013-01-02','CASHDIV'     ,'TSE:MKP',null,null,84,null,null,null)
  , (2, '2013-01-09','BUY'         ,'TSE:HEA.U',null,200,10.36,15.61,9.99,null)
  , (2, '2013-01-09','BUY'         ,'TSE:MXF',null,300,6.74,null,9.99,null)
  , (2, '2013-01-10','CASHDIV'     ,'TSE:CGQ.E',null,null,35,null,null,null)
  , (2, '2013-01-10','CASHDIV'     ,'TSE:STQ.E',null,null,35,null,null,null)
  , (2, '2013-01-10','CASHDIV'     ,'TSE:PDV',null,null,75,null,null,null)
  , (2, '2013-01-11','CASHDIV'     ,'TSE:HEP',null,null,79.86,null,null,null)
  , (2, '2013-01-11','CASHDIV'     ,'TSE:HEJ',null,null,80.70,null,null,null)
  , (2, '2013-01-11','STOCKDIV'    ,'TSE:FAP',null,null,30,null,null,null)
  , (2, '2013-01-14','CASHDIV'     ,'TSE:RPI.UN',null,null,45.85,null,null,null)
  , (2, '2013-01-15','CASHDIV'     ,'TSE:GII.UN',null,null,174.60,null,null,null)
  , (2, '2013-01-15','CASHDIV'     ,'TSE:PME',null,null,36,null,null,null)
  , (2, '2013-01-15','CASHDIV'     ,'TSE:MMP.UN',null,null,60,null,null,null)
  , (2, '2013-01-15','STOCKDIV'    ,'TSE:TPK',null,null,137.50,null,null,null)
  , (2, '2013-01-15','STOCKDIV'    ,'TSE:PGF',null,null,56,null,null,null)
  , (2, '2013-01-15','STOCKDIV'    ,'TSE:EXE',null,null,49,null,null,null)
  , (2, '2013-01-15','STOCKDIV'    ,'TSE:AVF',null,null,80.50,null,null,null)
  , (2, '2013-01-15','STOCKDIV'    ,'TSE:GCL',null,null,72,null,null,null)
  , (2, '2013-01-15','STOCKDIV'    ,'TSE:DGI',null,null,97.56,null,null,null)
  , (2, '2013-01-17','STOCKDIV'    ,'TSE:CHR.B',null,null,285,null,null,null)
  , (2, '2013-01-18','CASHDIV'     ,'TSE:MKZ.UN',null,null,1050,null,null,null)
  , (2, '2013-01-18','CASHDIV'     ,'TSE:MKZ.UN',null,null,-1050,null,null,null)
  , (2, '2013-01-21','CASHDIV'     ,'TSE:ERF',null,null,52.20,null,null,null)
  , (2, '2013-01-24','BUY'         ,'TSE:PME',null,300,8.12,null,9.99,null)
  , (2, '2013-01-24','CASHDIV'     ,'TSE:MKZ.UN',null,null,1043,null,null,null)
  , (2, '2013-01-25','CASHDIV'     ,'NYSE:CIM',null,null,339.26,null,null,null)
  , (2, '2013-01-28','CASHDIV'     ,'NASDAQ:AGNC',null,null,186.94,null,null,null)
  , (2, '2013-01-31','CASHDIV'     ,'NYSE:ARR',null,null,63.81,null,null,null)
  , (2, '2013-01-31','STOCKDIV'    ,'TSE:JE',null,null,41.33,null,null,null)
  , (2, '2013-01-31','STOCKDIV'    ,'TSE:FP',null,null,135,null,null,null)
  , (2, '2013-02-04','BUY'         ,'TSE:CWX',null,400,2.6,null,9.99,null)
  , (2, '2013-02-08','CASHDIV'     ,'TSE:CGQ.E',null,null,35,null,null,null)
  , (2, '2013-02-08','CASHDIV'     ,'TSE:STQ.E',null,null,35,null,null,null)
  , (2, '2013-02-08','CASHDIV'     ,'TSE:PDV',null,null,75,null,null,null)
  , (2, '2013-02-12','CASHDIV'     ,'TSE:HEP',null,null,63.84,null,null,null)
  , (2, '2013-02-12','CASHDIV'     ,'TSE:HEA.U',null,null,8.97,null,null,null)
  , (2, '2013-02-12','CASHDIV'     ,'TSE:HEJ',null,null,67.09,null,null,null)
  , (2, '2013-02-14','CASHDIV'     ,'TSE:GII.UN',null,null,417.10,null,null,null)
  , (2, '2013-02-14','CASHDIV'     ,'TSE:RPI.UN',null,null,45.85,null,null,null)
  , (2, '2013-02-15','STOCKDIV'    ,'TSE:FAP',null,null,30,null,null,null)
  , (2, '2013-02-15','CASHDIV'     ,'TSE:PME',null,null,63,null,null,null)
  , (2, '2013-02-15','CASHDIV'     ,'TSE:MMP.UN',null,null,60,null,null,null)
  , (2, '2013-02-15','STOCKDIV'    ,'TSE:PGF',null,null,56,null,null,null)
  , (2, '2013-02-15','STOCKDIV'    ,'TSE:EXE',null,null,49,null,null,null)
  , (2, '2013-02-15','STOCKDIV'    ,'TSE:AVF',null,null,80.50,null,null,null)
  , (2, '2013-02-20','CASHDIV'     ,'TSE:ERF',null,null,52.20,null,null,null)
  , (2, '2013-02-27','CASHDIV'     ,'NYSE:ARR',null,null,65.06,null,null,null)
  , (2, '2013-02-28','STOCKDIV'    ,'TSE:JE',null,null,41.33,null,null,null)
  , (2, '2013-02-28','STOCKDIV'    ,'TSE:FP',null,null,135,null,null,null)
  , (2, '2013-03-01','STOCKDIV'    ,'NYSE:WHX',null,null,82.12,null,null,null)
  , (2, '2013-03-08','CASHDIV'     ,'TSE:CGQ.E',null,null,35,null,null,null)
  , (2, '2013-03-08','CASHDIV'     ,'TSE:STQ.E',null,null,35,null,null,null)
  , (2, '2013-03-08','CASHDIV'     ,'TSE:PDV',null,null,75,null,null,null)
  , (2, '2013-03-12','CASHDIV'     ,'TSE:HEP',null,null,59.04,null,null,null)
  , (2, '2013-03-12','CASHDIV'     ,'TSE:HEA.U',null,null,7.74,null,null,null)
  , (2, '2013-03-12','CASHDIV'     ,'TSE:HEJ',null,null,58.80,null,null,null)
  , (2, '2013-03-14','CASHDIV'     ,'TSE:GII.UN',null,null,174.60,null,null,null)
  , (2, '2013-03-14','CASHDIV'     ,'TSE:RPI.UN',null,null,45.85,null,null,null)
  , (2, '2013-03-15','BUY'         ,'TSE:AVF',null,800,2.24,null,9.99,null)
  , (2, '2013-03-15','STOCKDIV'    ,'TSE:FAP',null,null,30,null,null,null)
  , (2, '2013-03-15','CASHDIV'     ,'TSE:PME',null,null,63,null,null,null)
  , (2, '2013-03-15','CASHDIV'     ,'TSE:MMP.UN',null,null,60,null,null,null)
  , (2, '2013-03-15','STOCKDIV'    ,'TSE:PGF',null,null,56,null,null,null)
  , (2, '2013-03-15','STOCKDIV'    ,'TSE:EXE',null,null,49,null,null,null)
  , (2, '2013-03-15','STOCKDIV'    ,'TSE:AVF',null,null,80.50,null,null,null)
  , (2, '2013-03-20','CASHDIV'     ,'TSE:ERF',null,null,52.20,null,null,null)
  , (2, '2013-03-27','CASHDIV'     ,'NYSE:ARR',null,null,64.70,null,null,null)
  , (2, '2013-03-28','CASHDIV'     ,'TSE:MKP',null,null,93,null,null,null)
  , (2, '2013-03-28','STOCKDIV'    ,'TSE:FP',null,null,135,null,null,null)
  , (2, '2013-04-01','STOCKDIV'    ,'NASDAQ:FTR',null,null,90.63,null,null,null)
  , (2, '2013-04-01','STOCKDIV'    ,'TSE:JE',null,null,41.33,null,null,null)
  , (2, '2013-04-01','STOCKDIV'    ,'TSE:IBG',null,null,27.50,null,null,null)
  , (2, '2013-04-03','CASHDIV'     ,'TSE:MXF',null,null,56.25,null,null,null)
  , (2, '2013-04-10','CASHDIV'     ,'TSE:HEP',null,null,88.04,null,null,null)
  , (2, '2013-04-10','CASHDIV'     ,'TSE:CGQ.E',null,null,35,null,null,null)
  , (2, '2013-04-10','CASHDIV'     ,'TSE:HEA.U',null,null,7.78,null,null,null)
  , (2, '2013-04-10','CASHDIV'     ,'TSE:HEJ',null,null,65.24,null,null,null)
  , (2, '2013-04-10','CASHDIV'     ,'TSE:STQ.E',null,null,35,null,null,null)
  , (2, '2013-04-10','CASHDIV'     ,'TSE:PDV',null,null,75,null,null,null)
  , (2, '2013-04-10','MERGER'      ,'TSE:AVF','TSE:SGL',3100,3100,null,null,null)
  , (2, '2013-04-12','STOCKDIV'    ,'TSE:FAP',null,null,30,null,null,null)
  , (2, '2013-04-12','CASHDIV'     ,'TSE:RPI.UN',null,null,45.85,null,null,null)
  , (2, '2013-04-12','STOCKDIV'    ,'TSE:CWX',null,null,98,null,null,null)
  , (2, '2013-04-15','CASHDIV'     ,'TSE:GII.UN',null,null,174.60,null,null,null)
  , (2, '2013-04-15','CASHDIV'     ,'TSE:PME',null,null,63,null,null,null)
  , (2, '2013-04-15','CASHDIV'     ,'TSE:MMP.UN',null,null,42,null,null,null)
  , (2, '2013-04-15','STOCKDIV'    ,'TSE:TPK',null,null,137.50,null,null,null)
  , (2, '2013-04-15','STOCKDIV'    ,'TSE:PGF',null,null,56,null,null,null)
  , (2, '2013-04-15','STOCKDIV'    ,'TSE:EXE',null,null,49,null,null,null)
  , (2, '2013-04-15','STOCKDIV'    ,'TSE:GCL',null,null,72,null,null,null)
  , (2, '2013-04-15','STOCKDIV'    ,'TSE:SGL',null,null,108.50,null,null,null)
  , (2, '2013-04-15','STOCKDIV'    ,'TSE:DGI',null,null,135,null,null,null)
  , (2, '2013-04-16','STOCKDIV'    ,'TSE:CHR.B',null,null,285,null,null,null)
  , (2, '2013-04-18','BUY'         ,'TSE:DPF.UN',null,300,3.6,null,9.99,null)
  , (2, '2013-04-18','BUY'         ,'TSE:MPI',null,300,4.45,null,9.99,null)
  , (2, '2013-04-19','CASHDIV'     ,'TSE:ERF',null,null,52.20,null,null,null)
  , (2, '2013-04-25','CASHDIV'     ,'NYSE:CIM',null,null,347.64,null,null,null)
  , (2, '2013-04-26','CASHDIV'     ,'NASDAQ:AGNC',null,null,190.03,null,null,null)
  , (2, '2013-04-27','CONTRIBUTION',null,null,null,3400,null,null,null)
  , (2, '2013-04-29','BUY'         ,'TSE:CWX',null,1600,2.47,null,9.99,null)
  , (2, '2013-04-29','CASHDIV'     ,'NYSE:ARR',null,null,56.62,null,null,null)
  , (2, '2013-04-30','STOCKDIV'    ,'TSE:JE',null,null,28,null,null,null)
  , (2, '2013-04-30','STOCKDIV'    ,'TSE:FP',null,null,135,null,null,null)
  , (2, '2013-05-10','CASHDIV'     ,'TSE:HEP',null,null,91.41,null,null,null)
  , (2, '2013-05-10','CASHDIV'     ,'TSE:STQ.E',null,null,35,null,null,null)
  , (2, '2013-05-10','CASHDIV'     ,'TSE:HEA.U',null,null,8.02,null,null,null)
  , (2, '2013-05-10','CASHDIV'     ,'TSE:HEJ',null,null,81.93,null,null,null)
  , (2, '2013-05-10','CASHDIV'     ,'TSE:CGQ.E',null,null,35,null,null,null)
  , (2, '2013-05-10','CASHDIV'     ,'TSE:PDV',null,null,75,null,null,null)
  , (2, '2013-05-14','CASHDIV'     ,'TSE:RPI.UN',null,null,45.85,null,null,null)
  , (2, '2013-05-14','CASHDIV'     ,'TSE:MPI',null,null,15,null,null,null)
  , (2, '2013-05-15','CASHDIV'     ,'TSE:GII.UN',null,null,174.60,null,null,null)
  , (2, '2013-05-15','CASHDIV'     ,'TSE:PME',null,null,63,null,null,null)
  , (2, '2013-05-15','CASHDIV'     ,'TSE:MMP.UN',null,null,42,null,null,null)
  , (2, '2013-05-15','STOCKDIV'    ,'TSE:PGF',null,null,56,null,null,null)
  , (2, '2013-05-15','STOCKDIV'    ,'TSE:EXE',null,null,49,null,null,null)
  , (2, '2013-05-15','STOCKDIV'    ,'TSE:SGL',null,null,69.75,null,null,null)
  , (2, '2013-05-17','STOCKDIV'    ,'TSE:FAP',null,null,30,null,null,null)
  , (2, '2013-05-21','SPLIT'       ,'TSE:HEP',null,-750,null,null,null,null)
  , (2, '2013-05-21','CASHDIV'     ,'TSE:ERF',null,null,52.20,null,null,null)
  , (2, '2013-05-30','CASHDIV'     ,'NYSE:ARR',null,null,57.60,null,null,null)
  , (2, '2013-05-30','STOCKDIV'    ,'NYSE:WHX',null,null,65.27,null,null,null)
  , (2, '2013-05-31','STOCKDIV'    ,'TSE:JE',null,null,28,null,null,null)
  , (2, '2013-05-31','STOCKDIV'    ,'TSE:FP',null,null,135,null,null,null)
  , (2, '2013-06-03','BUY'         ,'TSE:HNY',null,600,8.9,null,9.99,null)
  , (2, '2013-06-03','CONTRIBUTION',null,null,null,4000,null,null,null)
  , (2, '2013-06-10','SELL'        ,'TSE:JFC',null,1000,0.035,null,9.99,null)
  , (2, '2013-06-10','CASHDIV'     ,'TSE:CGQ.E',null,null,35,null,null,null)
  , (2, '2013-06-10','CASHDIV'     ,'TSE:STQ.E',null,null,35,null,null,null)
  , (2, '2013-06-10','CASHDIV'     ,'TSE:PDV',null,null,75,null,null,null)
  , (2, '2013-06-11','SELL'        ,'NASDAQ:SBLK',null,205,5.8,4.72,10.02,null)
  , (2, '2013-06-12','CASHDIV'     ,'TSE:HEP',null,null,76.31,null,null,null)
  , (2, '2013-06-12','CASHDIV'     ,'TSE:HEA.U',null,null,7.39,null,null,null)
  , (2, '2013-06-12','CASHDIV'     ,'TSE:HEJ',null,null,63.49,null,null,null)
  , (2, '2013-06-14','CASHDIV'     ,'TSE:GII.UN',null,null,174.60,null,null,null)
  , (2, '2013-06-14','STOCKDIV'    ,'TSE:FAP',null,null,30,null,null,null)
  , (2, '2013-06-14','CASHDIV'     ,'TSE:PME',null,null,63,null,null,null)
  , (2, '2013-06-14','CASHDIV'     ,'TSE:RPI.UN',null,null,45.85,null,null,null)
  , (2, '2013-06-14','CASHDIV'     ,'TSE:MMP.UN',null,null,42,null,null,null)
  , (2, '2013-06-14','CASHDIV'     ,'TSE:MPI',null,null,15,null,null,null)
  , (2, '2013-06-17','STOCKDIV'    ,'TSE:PGF',null,null,56,null,null,null)
  , (2, '2013-06-17','STOCKDIV'    ,'TSE:EXE',null,null,28,null,null,null)
  , (2, '2013-06-17','STOCKDIV'    ,'TSE:SGL',null,null,69.75,null,null,null)
  , (2, '2013-06-18','BUY'         ,'TSE:CBD',null,100,20.05,null,null,null)
  , (2, '2013-06-18','SELL'        ,'NASDAQ:SBLK',null,61,5.66,0.69,10.02,null)
  , (2, '2013-06-20','SELL'        ,'NYSE:CEL',null,200,8.92,27.50,10.03,null)
  , (2, '2013-06-20','CASHDIV'     ,'TSE:ERF',null,null,52.20,null,null,null)
  , (2, '2013-06-27','CASHDIV'     ,'NYSE:ARR',null,null,58.21,null,null,null)
  , (2, '2013-06-28','CASHDIV'     ,'TSE:CBD',null,null,4.8,null,null,null)
  , (2, '2013-06-28','STOCKDIV'    ,'NASDAQ:FTR',null,null,93.69,null,null,null)
  , (2, '2013-06-28','CASHDIV'     ,'TSE:MKP',null,null,84,null,null,null)
  , (2, '2013-06-28','STOCKDIV'    ,'TSE:FP',null,null,135,null,null,null)
  , (2, '2013-07-02','STOCKDIV'    ,'TSE:JE',null,null,28,null,null,null)
  , (2, '2013-07-04','CASHDIV'     ,'TSE:MXF',null,null,50.64,null,null,null)
  , (2, '2013-07-08','SELL'        ,'TSE:MKZ.UN',null,500,.80,null,9.99,null)
  , (2, '2013-07-10','CASHDIV'     ,'TSE:CGQ.E',null,null,35,null,null,null)
  , (2, '2013-07-10','CASHDIV'     ,'TSE:PDV',null,null,75,null,null,null)
  , (2, '2013-07-10','CASHDIV'     ,'TSE:STQ.E',null,null,35,null,null,null)
  , (2, '2013-07-11','CASHDIV'     ,'TSE:HEP',null,null,87.28,null,null,null)
  , (2, '2013-07-11','CASHDIV'     ,'TSE:HEA.U',null,null,8.76,null,null,null)
  , (2, '2013-07-11','CASHDIV'     ,'TSE:HEJ',null,null,78.06,null,null,null)
  , (2, '2013-07-11','CASHDIV'     ,'TSE:HNY',null,null,44.10,null,null,null)
  , (2, '2013-07-12','STOCKDIV'    ,'TSE:FAP',null,null,30,null,null,null)
  , (2, '2013-07-12','CASHDIV'     ,'TSE:RPI.UN',null,null,45.85,null,null,null)
  , (2, '2013-07-12','STOCKDIV'    ,'TSE:CWX',null,null,210,null,null,null)
  , (2, '2013-07-15','CASHDIV'     ,'TSE:PME',null,null,63,null,null,null)
  , (2, '2013-07-15','CASHDIV'     ,'TSE:MMP.UN',null,null,42,null,null,null)
  , (2, '2013-07-15','STOCKDIV'    ,'TSE:TPK',null,null,137.50,null,null,null)
  , (2, '2013-07-15','STOCKDIV'    ,'TSE:PGF',null,null,56,null,null,null)
  , (2, '2013-07-15','CASHDIV'     ,'TSE:MPI',null,null,15,null,null,null)
  , (2, '2013-07-15','STOCKDIV'    ,'TSE:EXE',null,null,28,null,null,null)
  , (2, '2013-07-15','STOCKDIV'    ,'TSE:SGL',null,null,69.75,null,null,null)
  , (2, '2013-07-15','STOCKDIV'    ,'TSE:DGI',null,null,135,null,null,null)
  , (2, '2013-07-16','CASHDIV'     ,'TSE:GII.UN',null,null,174.60,null,null,null)
  , (2, '2013-07-16','CASHDIV'     ,'TSE:DPF.UN',null,null,39,null,null,null)
  , (2, '2013-07-17','BUY'         ,'TSE:XBB',null,100,30.525,null,9.99,null)
  , (2, '2013-07-17','STOCKDIV'    ,'TSE:CHR.B',null,null,142.5,null,null,null)
  , (2, '2013-07-19','CASHDIV'     ,'TSE:ERF',null,null,52.20,null,null,null)
  , (2, '2013-07-22','SELL'        ,'TSE:JFC',null,38000,0.03,null,null,null)
  , (2, '2013-07-22','SELL'        ,'TSE:JFC',null,1000,0.025,null,9.99,null)
  , (2, '2013-07-26','CASHDIV'     ,'NASDAQ:AGNC',null,null,160.65,null,null,null)
  , (2, '2013-07-30','CASHDIV'     ,'NYSE:ARR',null,null,57.01,null,null,null)
  , (2, '2013-07-31','CASHDIV'     ,'TSE:CBD',null,null,4.89,null,null,null)
  , (2, '2013-07-31','CASHDIV'     ,'TSE:XBB',null,null,8.13,null,null,null)
  , (2, '2013-07-31','CASHDIV'     ,'NYSE:CIM',null,null,348.33,null,null,null)
  , (2, '2013-07-31','STOCKDIV'    ,'TSE:JE',null,null,28,null,null,null)
  , (2, '2013-07-31','STOCKDIV'    ,'TSE:FP',null,null,135,null,null,null)
  , (2, '2013-08-09','CASHDIV'     ,'TSE:CGQ.E',null,null,35,null,null,null)
  , (2, '2013-08-09','CASHDIV'     ,'TSE:STQ.E',null,null,35,null,null,null)
  , (2, '2013-08-09','CASHDIV'     ,'TSE:PDV',null,null,75,null,null,null)
  , (2, '2013-08-12','BUY'         ,'TSE:TLV',null,100,21.35,null,9.99,null)
  , (2, '2013-08-12','SELL'        ,'NASDAQ:FTR',null,900,4.6,45.43,10.07,null)
  , (2, '2013-08-13','CONTRIBUTION',null,null,null,4500,null,null,null)
  , (2, '2013-08-13','BUY'         ,'TSE:VDY',null,100,27.29,null,9.99,null)
  , (2, '2013-08-13','BUY'         ,'NYSEARCA:EES',null,100,72.41,351.67,9.99,null)
  , (2, '2013-08-13','CASHDIV'     ,'TSE:HEP',null,null,58.61,null,null,null)
  , (2, '2013-08-13','CASHDIV'     ,'TSE:HEA.U',null,null,8.05,null,null,null)
  , (2, '2013-08-13','CASHDIV'     ,'TSE:HEJ',null,null,60.93,null,null,null)
  , (2, '2013-08-13','CASHDIV'     ,'TSE:HNY',null,null,45.72,null,null,null)
  , (2, '2013-08-14','CASHDIV'     ,'TSE:RPI.UN',null,null,45.85,null,null,null)
  , (2, '2013-08-15','CASHDIV'     ,'TSE:PME',null,null,31.50,null,null,null)
  , (2, '2013-08-15','CASHDIV'     ,'TSE:MMP.UN',null,null,21,null,null,null)
  , (2, '2013-08-15','STOCKDIV'    ,'TSE:PGF',null,null,56,null,null,null)
  , (2, '2013-08-15','CASHDIV'     ,'TSE:MPI',null,null,15,null,null,null)
  , (2, '2013-08-15','STOCKDIV'    ,'TSE:EXE',null,null,28,null,null,null)
  , (2, '2013-08-15','STOCKDIV'    ,'TSE:SGL',null,null,69.75,null,null,null)
  , (2, '2013-08-15','STOCKDIV'    ,'TSE:GCL',null,null,24,null,null,null)
  , (2, '2013-08-16','STOCKDIV'    ,'TSE:FAP',null,null,30,null,null,null)
  , (2, '2013-08-19','CASHDIV'     ,'TSE:GII.UN',null,null,417.10,null,null,null)
  , (2, '2013-08-20','CASHDIV'     ,'TSE:ERF',null,null,52.20,null,null,null)
  , (2, '2013-08-29','CASHDIV'     ,'NYSE:ARR',null,null,58.30,null,null,null)
  , (2, '2013-08-29','STOCKDIV'    ,'NYSE:WHX',null,null,77.76,null,null,null)
  , (2, '2013-08-30','CASHDIV'     ,'TSE:CBD',null,null,4.89,null,null,null)
  , (2, '2013-08-30','CASHDIV'     ,'TSE:XBB',null,null,8.38,null,null,null)
  , (2, '2013-08-30','STOCKDIV'    ,'TSE:FP',null,null,135,null,null,null)
  , (2, '2013-09-03','STOCKDIV'    ,'TSE:JE',null,null,28,null,null,null)
  , (2, '2013-09-05','CASHDIV'     ,'TSE:VDY',null,null,6.86,null,null,null)
  , (2, '2013-09-09','CASHDIV'     ,'TSE:TLV',null,null,7.45,null,null,null)
  , (2, '2013-09-10','CASHDIV'     ,'TSE:CGQ.E',null,null,35,null,null,null)
  , (2, '2013-09-10','CASHDIV'     ,'TSE:STQ.E',null,null,35,null,null,null)
  , (2, '2013-09-10','CASHDIV'     ,'TSE:PDV',null,null,75,null,null,null)
  , (2, '2013-09-12','CASHDIV'     ,'TSE:HEP',null,null,26.95,null,null,null)
  , (2, '2013-09-12','CASHDIV'     ,'TSE:HEA.U',null,null,9.16,null,null,null)
  , (2, '2013-09-12','CASHDIV'     ,'TSE:HEJ',null,null,54.40,null,null,null)
  , (2, '2013-09-12','CASHDIV'     ,'TSE:HNY',null,null,50.76,null,null,null)
  , (2, '2013-09-13','STOCKDIV'    ,'TSE:FAP',null,null,30,null,null,null)
  , (2, '2013-09-13','CASHDIV'     ,'TSE:PME',null,null,31.50,null,null,null)
  , (2, '2013-09-13','CASHDIV'     ,'TSE:RPI.UN',null,null,45.85,null,null,null)
  , (2, '2013-09-13','CASHDIV'     ,'TSE:MMP.UN',null,null,21,null,null,null)
  , (2, '2013-09-16','CASHDIV'     ,'TSE:GII.UN',null,null,174.60,null,null,null)
  , (2, '2013-09-16','STOCKDIV'    ,'TSE:PGF',null,null,56,null,null,null)
  , (2, '2013-09-16','CASHDIV'     ,'TSE:MPI',null,null,15,null,null,null)
  , (2, '2013-09-16','STOCKDIV'    ,'TSE:EXE',null,null,28,null,null,null)
  , (2, '2013-09-16','STOCKDIV'    ,'TSE:SGL',null,null,69.75,null,null,null)
  , (2, '2013-09-20','CASHDIV'     ,'TSE:ERF',null,null,52.20,null,null,null)
  , (2, '2013-09-27','STOCKDIV'    ,'NYSEARCA:EES',null,null,15.53,null,null,null)
  , (2, '2013-09-27','CASHDIV'     ,'NYSE:ARR',null,null,57.20,null,null,null)
  , (2, '2013-09-30','CASHDIV'     ,'TSE:VDY',null,null,4.70,null,null,null)
  , (2, '2013-09-30','CASHDIV'     ,'TSE:CBD',null,null,4.89,null,null,null)
  , (2, '2013-09-30','CASHDIV'     ,'TSE:XBB',null,null,8.24,null,null,null)
  , (2, '2013-09-30','STOCKDIV'    ,'TSE:JE',null,null,28,null,null,null)
  , (2, '2013-09-30','CASHDIV'     ,'TSE:MKP',null,null,84,null,null,null)
  , (2, '2013-09-30','STOCKDIV'    ,'TSE:FP',null,null,135,null,null,null)
  , (2, '2013-10-03','CASHDIV'     ,'TSE:MXF',null,null,50.64,null,null,null)
  , (2, '2013-10-07','CASHDIV'     ,'TSE:TLV',null,null,7.64,null,null,null)
  , (2, '2013-10-10','CASHDIV'     ,'TSE:HEP',null,null,48.42,null,null,null)
  , (2, '2013-10-10','CASHDIV'     ,'TSE:CGQ.E',null,null,35,null,null,null)
  , (2, '2013-10-10','CASHDIV'     ,'TSE:HEA.U',null,null,8.95,null,null,null)
  , (2, '2013-10-10','CASHDIV'     ,'TSE:HEJ',null,null,50.58,null,null,null)
  , (2, '2013-10-10','CASHDIV'     ,'TSE:HNY',null,null,40.23,null,null,null)
  , (2, '2013-10-10','CASHDIV'     ,'TSE:STQ.E',null,null,35,null,null,null)
  , (2, '2013-10-10','CASHDIV'     ,'TSE:PDV',null,null,75,null,null,null)
  , (2, '2013-10-11','CASHDIV'     ,'TSE:RPI.UN',null,null,45.85,null,null,null)
  , (2, '2013-10-15','CASHDIV'     ,'TSE:GII.UN',null,null,174.60,null,null,null)
  , (2, '2013-10-15','CASHDIV'     ,'TSE:PME',null,null,31.50,null,null,null)
  , (2, '2013-10-15','CASHDIV'     ,'TSE:MMP.UN',null,null,21,null,null,null)
  , (2, '2013-10-15','STOCKDIV'    ,'TSE:CWX',null,null,210,null,null,null)
  , (2, '2013-10-15','STOCKDIV'    ,'TSE:TPK',null,null,137.50,null,null,null)
  , (2, '2013-10-15','STOCKDIV'    ,'TSE:PGF',null,null,56,null,null,null)
  , (2, '2013-10-15','CASHDIV'     ,'TSE:MPI',null,null,15,null,null,null)
  , (2, '2013-10-15','STOCKDIV'    ,'TSE:EXE',null,null,28,null,null,null)
  , (2, '2013-10-15','STOCKDIV'    ,'TSE:SGL',null,null,69.75,null,null,null)
  , (2, '2013-10-15','STOCKDIV'    ,'TSE:DGI',null,null,135,null,null,null)
  , (2, '2013-10-16','CASHDIV'     ,'TSE:DPF.UN',null,null,39,null,null,null)
  , (2, '2013-10-17','STOCKDIV'    ,'TSE:CHR.B',null,null,142.5,null,null,null)
  , (2, '2013-10-18','STOCKDIV'    ,'TSE:FAP',null,null,30,null,null,null)
  , (2, '2013-10-21','CASHDIV'     ,'TSE:ERF',null,null,52.20,null,null,null)
  , (2, '2013-10-28','CASHDIV'     ,'NASDAQ:AGNC',null,null,124.20,null,null,null)
  , (2, '2013-10-28','CASHDIV'     ,'NYSE:ARR',null,null,41.40,null,null,null)
  , (2, '2013-10-31','CASHDIV'     ,'TSE:CBD',null,null,4.89,null,null,null)
  , (2, '2013-10-31','CASHDIV'     ,'TSE:XBB',null,null,8.19,null,null,null)
  , (2, '2013-10-31','CASHDIV'     ,'NYSE:CIM',null,null,354.31,null,null,null)
  , (2, '2013-10-31','STOCKDIV'    ,'TSE:JE',null,null,28,null,null,null)
  , (2, '2013-10-31','STOCKDIV'    ,'TSE:FP',null,null,135,null,null,null)
  , (2, '2013-11-05','CASHDIV'     ,'TSE:VDY',null,null,8.63,null,null,null)
  , (2, '2013-11-07','CASHDIV'     ,'TSE:TLV',null,null,7.43,null,null,null)
  , (2, '2013-11-08','CASHDIV'     ,'TSE:CGQ.E',null,null,35,null,null,null)
  , (2, '2013-11-08','CASHDIV'     ,'TSE:STQ.E',null,null,35,null,null,null)
  , (2, '2013-11-08','CASHDIV'     ,'TSE:PDV',null,null,75,null,null,null)
  , (2, '2013-11-11','BUY'         ,'TSE:PDV',null,600,7.96333,null,9.99,null)
  , (2, '2013-11-13','CASHDIV'     ,'TSE:HEP',null,null,50.38,null,null,null)
  , (2, '2013-11-13','CASHDIV'     ,'TSE:HEA.U',null,null,10.13,null,null,null)
  , (2, '2013-11-13','CASHDIV'     ,'TSE:HEJ',null,null,50.53,null,null,null)
  , (2, '2013-11-13','CASHDIV'     ,'TSE:HNY',null,null,34.38,null,null,null)
  , (2, '2013-11-14','CASHDIV'     ,'TSE:RPI.UN',null,null,45.85,null,null,null)
  , (2, '2013-11-14','CASHDIV'     ,'TSE:MPI',null,null,15,null,null,null)
  , (2, '2013-11-15','SELL'        ,'NYSE:CIM',null,3800,3.02,343.97,10.19,null)
  , (2, '2013-11-15','SELL'        ,'TSE:TPK',null,2200,3.1,null,9.99,null)
  , (2, '2013-11-15','CASHDIV'     ,'TSE:GII.UN',null,null,174.60,null,null,null)
  , (2, '2013-11-15','STOCKDIV'    ,'TSE:FAP',null,null,30,null,null,null)
  , (2, '2013-11-15','CASHDIV'     ,'TSE:PME',null,null,31.50,null,null,null)
  , (2, '2013-11-15','CASHDIV'     ,'TSE:MMP.UN',null,null,21,null,null,null)
  , (2, '2013-11-15','STOCKDIV'    ,'TSE:PGF',null,null,56,null,null,null)
  , (2, '2013-11-15','STOCKDIV'    ,'TSE:EXE',null,null,28,null,null,null)
  , (2, '2013-11-15','STOCKDIV'    ,'TSE:SGL',null,null,69.75,null,null,null)
  , (2, '2013-11-15','STOCKDIV'    ,'TSE:GCL',null,null,24,null,null,null)
  , (2, '2013-11-18','SELL'        ,'TSE:HEA.U',null,200,11.26,50.45,9.99,null)
  , (2, '2013-11-18','BUY'         ,'TSE:MXF',null,1500,4.83,null,9.99,null)
  , (2, '2013-11-18','BUY'         ,'TSE:HNY',null,700,7.43857,null,9.99,null)
  , (2, '2013-11-18','BUY'         ,'TSE:DPF.UN',null,2700,3.348889,null,9.99,null)
  , (2, '2013-11-20','CASHDIV'     ,'TSE:ERF',null,null,52.20,null,null,null)
  , (2, '2013-11-27','CASHDIV'     ,'NYSE:ARR',null,null,41.76,null,null,null)
  , (2, '2013-11-29','CASHDIV'     ,'TSE:CBD',null,null,4.94,null,null,null)
  , (2, '2013-11-29','CASHDIV'     ,'TSE:XBB',null,null,8.10,null,null,null)
  , (2, '2013-11-29','STOCKDIV'    ,'NYSE:WHX',null,null,86.97,null,null,null)
  , (2, '2013-11-29','STOCKDIV'    ,'TSE:FP',null,null,135,null,null,null)
  , (2, '2013-12-02','STOCKDIV'    ,'TSE:JE',null,null,28,null,null,null)
  , (2, '2013-12-04','CASHDIV'     ,'TSE:VDY',null,null,8.09,null,null,null)
  , (2, '2013-12-05','MERGER'      ,'TSE:STQ.E','TSE:DFN',200,150,null,null,null)
  , (2, '2013-12-05','MERGER'      ,'TSE:STQ.E','TSE:DFN.PR.A',200,150,null,null,null)
  , (2, '2013-12-05','MERGER'      ,'TSE:CGQ.E','TSE:DFN',200,78,null,null,null)
  , (2, '2013-12-05','MERGER'      ,'TSE:CGQ.E','TSE:DFN.PR.A',200,78,null,null,null)
  , (2, '2013-12-06','CASHDIV'     ,'TSE:TLV',null,null,7.37,null,null,null)
  , (2, '2013-12-10','CASHDIV'     ,'TSE:PDV',null,null,112.50,null,null,null)
  , (2, '2013-12-11','CASHDIV'     ,'TSE:HEP',null,null,45.59,null,null,null)
  , (2, '2013-12-11','CASHDIV'     ,'TSE:HEJ',null,null,55.36,null,null,null)
  , (2, '2013-12-11','CASHDIV'     ,'TSE:HNY',null,null,96.20,null,null,null)
  , (2, '2013-12-13','CASHDIV'     ,'TSE:GII.UN',null,null,388,null,null,null)
  , (2, '2013-12-13','STOCKDIV'    ,'TSE:FAP',null,null,30,null,null,null)
  , (2, '2013-12-13','CASHDIV'     ,'TSE:PME',null,null,31.50,null,null,null)
  , (2, '2013-12-13','CASHDIV'     ,'TSE:RPI.UN',null,null,45.85,null,null,null)
  , (2, '2013-12-13','CASHDIV'     ,'TSE:MMP.UN',null,null,21,null,null,null)
  , (2, '2013-12-13','CASHDIV'     ,'TSE:MPI',null,null,15,null,null,null)
  , (2, '2013-12-16','STOCKDIV'    ,'TSE:PGF',null,null,56,null,null,null)
  , (2, '2013-12-16','STOCKDIV'    ,'TSE:EXE',null,null,28,null,null,null)
  , (2, '2013-12-16','STOCKDIV'    ,'TSE:SGL',null,null,69.75,null,null,null)
  , (2, '2013-12-20','CASHDIV'     ,'TSE:ERF',null,null,52.20,null,null,null)
  , (2, '2013-12-27','CASHDIV'     ,'NYSE:ARR',null,null,42.10,null,null,null)
  , (2, '2013-12-31','STOCKDIV'    ,'NYSEARCA:EES',null,null,23.84,null,null,null)
  , (2, '2013-12-31','STOCKDIV'    ,'TSE:JE',null,null,28,null,null,null)
  , (2, '2013-12-31','STOCKDIV'    ,'TSE:FP',null,null,135,null,null,null)
  , (2, '2014-01-02','CASHDIV'     ,'TSE:MKP',null,null,84,null,null,null)
  , (2, '2014-01-06','CASHDIV'     ,'TSE:VDY',null,null,4.41,null,null,null)
  , (2, '2014-01-06','CASHDIV'     ,'TSE:CBD',null,null,4.70,null,null,null)
  , (2, '2014-01-06','CASHDIV'     ,'TSE:MXF',null,null,247.50,null,null,null)
  , (2, '2014-01-06','CASHDIV'     ,'TSE:XBB',null,null,9.82,null,null,null)
  , (2, '2014-01-08','CASHDIV'     ,'TSE:TLV',null,null,7.27,null,null,null)
  , (2, '2014-01-10','CASHDIV'     ,'TSE:DFN.PR.A',null,null,9.98,null,null,null)
  , (2, '2014-01-10','CASHDIV'     ,'TSE:DFN',null,null,22.80,null,null,null)
  , (2, '2014-01-10','CASHDIV'     ,'TSE:PDV',null,null,112.50,null,null,null)
  , (2, '2014-01-13','CASHDIV'     ,'TSE:HEP',null,null,87.99,null,null,null)
  , (2, '2014-01-13','CASHDIV'     ,'TSE:HEJ',null,null,59.61,null,null,null)
  , (2, '2014-01-13','CASHDIV'     ,'TSE:HNY',null,null,53.30,null,null,null)
  , (2, '2014-01-14','CASHDIV'     ,'TSE:RPI.UN',null,null,45.85,null,null,null)
  , (2, '2014-01-15','CASHDIV'     ,'TSE:PME',null,null,31.50,null,null,null)
  , (2, '2014-01-15','CASHDIV'     ,'TSE:MMP.UN',null,null,21,null,null,null)
  , (2, '2014-01-15','STOCKDIV'    ,'TSE:CWX',null,null,210,null,null,null)
  , (2, '2014-01-15','STOCKDIV'    ,'TSE:PGF',null,null,56,null,null,null)
  , (2, '2014-01-15','CASHDIV'     ,'TSE:MPI',null,null,15,null,null,null)
  , (2, '2014-01-15','STOCKDIV'    ,'TSE:EXE',null,null,28,null,null,null)
  , (2, '2014-01-15','STOCKDIV'    ,'TSE:SGL',null,null,69.75,null,null,null)
  , (2, '2014-01-16','CASHDIV'     ,'TSE:GII.UN',null,null,174.60,null,null,null)
  , (2, '2014-01-16','CASHDIV'     ,'TSE:DPF.UN',null,null,390,null,null,null)
  , (2, '2014-01-17','STOCKDIV'    ,'TSE:FAP',null,null,30,null,null,null)
  , (2, '2014-01-17','CASHDIV'     ,'TSE:MKZ.UN',null,null,908.74,null,null,null)
  , (2, '2014-01-17','STOCKDIV'    ,'TSE:CHR.B',null,null,213.75,null,null,null)
  , (2, '2014-01-20','BUY'         ,'TSE:MMP.UN',null,1700,2.69,null,9.99,null)
  , (2, '2014-01-20','CASHDIV'     ,'TSE:ERF',null,null,52.20,null,null,null)
  , (2, '2014-01-28','CASHDIV'     ,'NASDAQ:AGNC',null,null,107.35,null,null,null)
  , (2, '2014-01-30','CASHDIV'     ,'NYSE:ARR',null,null,44.24,null,null,null)
  , (2, '2014-01-31','CASHDIV'     ,'TSE:CBD',null,null,4.91,null,null,null)
  , (2, '2014-01-31','CASHDIV'     ,'TSE:XBB',null,null,8.05,null,null,null)
  , (2, '2014-01-31','STOCKDIV'    ,'TSE:JE',null,null,28,null,null,null)
  , (2, '2014-01-31','STOCKDIV'    ,'TSE:FP',null,null,135,null,null,null)
  , (2, '2014-02-05','CASHDIV'     ,'TSE:VDY',null,null,8.76,null,null,null)
  , (2, '2014-02-07','CASHDIV'     ,'TSE:TLV',null,null,7.46,null,null,null)
  , (2, '2014-02-10','CASHDIV'     ,'TSE:DFN.PR.A',null,null,9.98,null,null,null)
  , (2, '2014-02-10','CASHDIV'     ,'TSE:DFN',null,null,22.80,null,null,null)
  , (2, '2014-02-10','CASHDIV'     ,'TSE:PDV',null,null,112.50,null,null,null)
  , (2, '2014-02-12','CASHDIV'     ,'TSE:HEP',null,null,23.75,null,null,null)
  , (2, '2014-02-12','CASHDIV'     ,'TSE:HEJ',null,null,58.24,null,null,null)
  , (2, '2014-02-12','CASHDIV'     ,'TSE:HNY',null,null,104.08,null,null,null)
  , (2, '2014-02-14','CASHDIV'     ,'TSE:GII.UN',null,null,174.60,null,null,null)
  , (2, '2014-02-14','STOCKDIV'    ,'TSE:FAP',null,null,30,null,null,null)
  , (2, '2014-02-14','CASHDIV'     ,'TSE:PME',null,null,31.50,null,null,null)
  , (2, '2014-02-14','CASHDIV'     ,'TSE:RPI.UN',null,null,45.85,null,null,null)
  , (2, '2014-02-14','CASHDIV'     ,'TSE:MMP.UN',null,null,80.50,null,null,null)
  , (2, '2014-02-14','CASHDIV'     ,'TSE:MPI',null,null,9,null,null,null)
  , (2, '2014-02-18','STOCKDIV'    ,'TSE:PGF',null,null,56,null,null,null)
  , (2, '2014-02-18','STOCKDIV'    ,'TSE:EXE',null,null,28,null,null,null)
  , (2, '2014-02-18','STOCKDIV'    ,'TSE:SGL',null,null,69.75,null,null,null)
  , (2, '2014-02-20','CASHDIV'     ,'TSE:ERF',null,null,52.20,null,null,null)
  , (2, '2014-02-27','CASHDIV'     ,'TSE:DFN.PR.A',null,null,8.26,null,null,null)
  , (2, '2014-02-27','CASHDIV'     ,'NYSE:ARR',null,null,43.96,null,null,null)
  , (2, '2014-02-27','CASHDIV'     ,'TSE:DFN',null,null,8.26,null,null,null)
  , (2, '2014-02-28','CASHDIV'     ,'TSE:CBD',null,null,4.91,null,null,null)
  , (2, '2014-02-28','CASHDIV'     ,'TSE:XBB',null,null,8.16,null,null,null)
  , (2, '2014-02-28','STOCKDIV'    ,'TSE:JE',null,null,28,null,null,null)
  , (2, '2014-02-28','STOCKDIV'    ,'TSE:FP',null,null,135,null,null,null)
  , (2, '2014-03-03','STOCKDIV'    ,'NYSE:WHX',null,null,123.45,null,null,null)
  , (2, '2014-03-05','CASHDIV'     ,'TSE:VDY',null,null,8.39,null,null,null)
  , (2, '2014-03-07','BUY'         ,'TSE:PME',null,400,4.17,null,9.99,null)
  , (2, '2014-03-07','CASHDIV'     ,'TSE:TLV',null,null,7.60,null,null,null)
  , (2, '2014-03-10','CASHDIV'     ,'TSE:HEP',null,null,24.05,null,null,null)
  , (2, '2014-03-10','CASHDIV'     ,'TSE:HEJ',null,null,56.59,null,null,null)
  , (2, '2014-03-10','CASHDIV'     ,'TSE:HNY',null,null,66.68,null,null,null)
  , (2, '2014-03-10','CASHDIV'     ,'TSE:DFN.PR.A',null,null,9.98,null,null,null)
  , (2, '2014-03-10','CASHDIV'     ,'TSE:DFN',null,null,22.80,null,null,null)
  , (2, '2014-03-10','CASHDIV'     ,'TSE:PDV',null,null,112.50,null,null,null)
  , (2, '2014-03-14','CASHDIV'     ,'TSE:GII.UN',null,null,174.60,null,null,null)
  , (2, '2014-03-14','STOCKDIV'    ,'TSE:FAP',null,null,30,null,null,null)
  , (2, '2014-03-14','CASHDIV'     ,'TSE:PME',null,null,31.50,null,null,null)
  , (2, '2014-03-14','CASHDIV'     ,'TSE:RPI.UN',null,null,45.85,null,null,null)
  , (2, '2014-03-14','CASHDIV'     ,'TSE:MMP.UN',null,null,80.50,null,null,null)
  , (2, '2014-03-14','CASHDIV'     ,'TSE:MPI',null,null,9,null,null,null)
  , (2, '2014-03-17','STOCKDIV'    ,'TSE:PGF',null,null,56,null,null,null)
  , (2, '2014-03-17','STOCKDIV'    ,'TSE:EXE',null,null,28,null,null,null)
  , (2, '2014-03-17','STOCKDIV'    ,'TSE:SGL',null,null,69.75,null,null,null)
  , (2, '2014-03-20','CASHDIV'     ,'TSE:ERF',null,null,52.20,null,null,null)
  , (2, '2014-03-28','STOCKDIV'    ,'NYSEARCA:EES',null,null,16.32,null,null,null)
  , (2, '2014-03-28','CASHDIV'     ,'NYSE:ARR',null,null,44.02,null,null,null)
  , (2, '2014-03-31','CASHDIV'     ,'TSE:CBD',null,null,4.91,null,null,null)
  , (2, '2014-03-31','STOCKDIV'    ,'TSE:FAP',null,null,30,null,null,null)
  , (2, '2014-03-31','CASHDIV'     ,'TSE:XBB',null,null,8.06,null,null,null)
  , (2, '2014-03-31','STOCKDIV'    ,'TSE:JE',null,null,28,null,null,null)
  , (2, '2014-03-31','CASHDIV'     ,'TSE:MKP',null,null,84,null,null,null)
  , (2, '2014-03-31','STOCKDIV'    ,'TSE:FP',null,null,135,null,null,null)
  , (2, '2014-04-01','CASHDIV'     ,'TSE:VDY',null,null,7.62,null,null,null)
  , (2, '2014-04-03','CASHDIV'     ,'TSE:MXF',null,null,247.50,null,null,null)
;

INSERT INTO Transactions (accountId, xaDate, xaType, symbol, symbol2, shares, price, exchange, fee, book) VALUES
    (3, '2013-04-19','DEPOSIT' ,null        ,'Marcus',null,3500      ,null,null,null)
  , (3, '2013-04-22','BUY'     ,'TSE:CWX'   ,null, 500,   2.39   ,   0,9.99,null)
  , (3, '2013-04-22','BUY'     ,'TSE:FP'    ,null, 300,   4.6    ,   0,9.99,null)
  , (3, '2013-04-22','BUY'     ,'TSE:SGL'   ,null, 400,   2.06875,   0,9.99,null)
  , (3, '2013-04-24','DEPOSIT' ,null        ,'Madeline',null,5000      ,null,null,null)
  , (3, '2013-04-24','DEPOSIT' ,null        ,'Marcus',null,2500      ,null,null,null)
  , (3, '2013-04-25','BUY'     ,'TSE:JE'    ,null, 300,   6.6    ,   0,9.99,null)
  , (3, '2013-04-25','BUY'     ,'TSE:CHR.B' ,null, 500,   3.77   ,   0,9.99,null)
  , (3, '2013-04-25','BUY'     ,'TSE:FGX'   ,null, 400,   5.35   ,   0,9.99,null)
  , (3, '2013-04-25','BUY'     ,'TSE:TPK'   ,null, 500,   2.898  ,   0,9.99,null)
  , (3, '2013-05-14','CASHDIV' ,'TSE:FGX'   ,null,null,  19.20   ,null,null,null)
  , (3, '2013-05-15','STOCKDIV','TSE:SGL'   ,null,null,   9      ,null,null,null)
  , (3, '2013-05-31','STOCKDIV','TSE:JE'    ,null,null,  21      ,null,null,null)
  , (3, '2013-05-31','STOCKDIV','TSE:FP'    ,null,null,  15      ,null,null,null)
  , (3, '2013-05-31','GRANT'   ,null        ,'Madeline',null,1000      ,null,null,null)
  , (3, '2013-05-31','GRANT'   ,null        ,'Marcus',null,1000      ,null,null,null)
  , (3, '2013-06-03','BUY'     ,'TSE:FP'    ,null, 400,   4.95   ,   0,9.99,null)
  , (3, '2013-06-14','CASHDIV' ,'TSE:FGX'   ,null,null,  19.20   ,null,null,null)
  , (3, '2013-06-17','STOCKDIV','TSE:SGL'   ,null,null,   9      ,null,null,null)
  , (3, '2013-06-28','STOCKDIV','TSE:FP'    ,null,null,  15      ,null,null,null)
  , (3, '2013-07-02','STOCKDIV','TSE:JE'    ,null,null,  21      ,null,null,null)
  , (3, '2013-07-12','STOCKDIV','TSE:CWX'   ,null,null,  35      ,null,null,null)
  , (3, '2013-07-15','CASHDIV' ,'TSE:FGX'   ,null,null,  19.20   ,null,null,null)
  , (3, '2013-07-15','STOCKDIV','TSE:TPK'   ,null,null,  31.25   ,null,null,null)
  , (3, '2013-07-15','STOCKDIV','TSE:SGL'   ,null,null,   9      ,null,null,null)
  , (3, '2013-07-17','STOCKDIV','TSE:CHR.B' ,null,null,  37.50   ,null,null,null)
  , (3, '2013-07-19','DEPOSIT' ,null        ,'Madeline',null,   1      ,null,null,null)
  , (3, '2013-07-31','STOCKDIV','TSE:JE'    ,null,null,  21      ,null,null,null)
  , (3, '2013-07-31','STOCKDIV','TSE:FP'    ,null,null,  35      ,null,null,null)
  , (3, '2013-08-15','CASHDIV' ,'TSE:FGX'   ,null,null,  19.20   ,null,null,null)
  , (3, '2013-08-15','STOCKDIV','TSE:SGL'   ,null,null,   9      ,null,null,null)
  , (3, '2013-08-30','STOCKDIV','TSE:FP'    ,null,null,  35      ,null,null,null)
  , (3, '2013-09-03','STOCKDIV','TSE:JE'    ,null,null,  21      ,null,null,null)
  , (3, '2013-09-16','CASHDIV' ,'TSE:FGX'   ,null,null,  19.20   ,null,null,null)
  , (3, '2013-09-16','STOCKDIV','TSE:SGL'   ,null,null,   9      ,null,null,null)
  , (3, '2013-09-30','STOCKDIV','TSE:JE'    ,null,null,  21      ,null,null,null)
  , (3, '2013-09-30','STOCKDIV','TSE:FP'    ,null,null,  35      ,null,null,null)
  , (3, '2013-10-15','STOCKDIV','TSE:CWX'   ,null,null,  35      ,null,null,null)
  , (3, '2013-10-15','CASHDIV' ,'TSE:FGX'   ,null,null,  19.20   ,null,null,null)
  , (3, '2013-10-15','STOCKDIV','TSE:TPK'   ,null,null,  31.25   ,null,null,null)
  , (3, '2013-10-15','STOCKDIV','TSE:SGL'   ,null,null,   9      ,null,null,null)
  , (3, '2013-10-17','STOCKDIV','TSE:CHR.B' ,null,null,  37.50   ,null,null,null)
  , (3, '2013-10-31','STOCKDIV','TSE:JE'    ,null,null,  21      ,null,null,null)
  , (3, '2013-10-31','STOCKDIV','TSE:FP'    ,null,null,  35      ,null,null,null)
  , (3, '2013-11-01','BUY'     ,'TSE:FGX.RT',null, 400,   0      ,   0,null,null)
  , (3, '2013-11-04','SELL'    ,'TSE:FGX.RT',null, 400,   0.15   ,null,9.99,null)
  , (3, '2013-11-14','CASHDIV' ,'TSE:FGX'   ,null,null,  19.20   ,null,null,null)
  , (3, '2013-11-15','STOCKDIV','TSE:SGL'   ,null,null,   9      ,null,null,null)
  , (3, '2013-11-18','BUY'     ,'TSE:SGL'   ,null, 400,   1.95   ,null,9.99,null)
  , (3, '2013-11-29','STOCKDIV','TSE:FP'    ,null,null,  35      ,null,null,null)
  , (3, '2013-12-02','STOCKDIV','TSE:JE'    ,null,null,  21      ,null,null,null)
  , (3, '2013-12-13','CASHDIV' ,'TSE:FGX'   ,null,null,  19.20   ,null,null,null)
  , (3, '2013-12-16','STOCKDIV','TSE:SGL'   ,null,null,  18      ,null,null,null)
  , (3, '2013-12-31','STOCKDIV','TSE:JE'    ,null,null,  21      ,null,null,null)
  , (3, '2013-12-31','STOCKDIV','TSE:FP'    ,null,null,  35      ,null,null,null)
  , (3, '2014-01-14','DEPOSIT' ,null        ,'Marcus',null,5000      ,null,null,null)
  , (3, '2014-01-15','STOCKDIV','TSE:CWX'   ,null,null,  35      ,null,null,null)
  , (3, '2014-01-15','CASHDIV' ,'TSE:FGX'   ,null,null,  19.20   ,null,null,null)
  , (3, '2014-01-15','STOCKDIV','TSE:TPK'   ,null,null,  31.25   ,null,null,null)
  , (3, '2014-01-15','STOCKDIV','TSE:SGL'   ,null,null,  18      ,null,null,null)
  , (3, '2014-01-17','STOCKDIV','TSE:CHR.B' ,null,null,  56.25   ,null,null,null)
  , (3, '2014-01-23','BUY'     ,'TSE:CWX'   ,null,1800,   2.92   ,null,9.99,null)
  , (3, '2014-01-31','STOCKDIV','TSE:JE'    ,null,null,  21      ,null,null,null)
  , (3, '2014-01-31','STOCKDIV','TSE:FP'    ,null,null,  35      ,null,null,null)
  , (3, '2014-02-14','CASHDIV' ,'TSE:FGX'   ,null,null,  19.20   ,null,null,null)
  , (3, '2014-02-18','STOCKDIV','TSE:SGL'   ,null,null,  18      ,null,null,null)
  , (3, '2014-02-28','STOCKDIV','TSE:JE'    ,null,null,  21      ,null,null,null)
  , (3, '2014-02-28','STOCKDIV','TSE:FP'    ,null,null,  35      ,null,null,null)
  , (3, '2014-02-28','GRANT'   ,null        ,'Marcus',null,1000      ,null,null,null)
  , (3, '2014-03-07','BUY'     ,'TSE:SGL'   ,null, 600,   2.04   ,null,9.99,null)
  , (3, '2014-03-12','DEPOSIT' ,null        ,'Madeline',null,5000      ,null,null,null)
  , (3, '2014-03-14','BUY'     ,'TSE:BBO'   ,null, 400,  10.6325 ,null,9.99,null)
  , (3, '2014-03-14','CASHDIV' ,'TSE:FGX'   ,null,null,  19.20   ,null,null,null)
  , (3, '2014-03-17','STOCKDIV','TSE:SGL'   ,null,null,  18      ,null,null,null)
  , (3, '2014-03-26','SELL'    ,'TSE:SGL'   ,null, 400,   1.81   ,null,9.99,null)
  , (3, '2014-03-26','BUY'     ,'TSE:SGL'   ,null, 800,   1.82   ,null,9.99,null)
  , (3, '2014-03-31','STOCKDIV','TSE:JE'    ,null,null,  21      ,null,null,null)
  , (3, '2014-03-31','STOCKDIV','TSE:FP'    ,null,null,  35      ,null,null,null)
;

INSERT INTO Transactions (accountId, xaDate, xaType, symbol, symbol2, shares, price, exchange, fee, book) VALUES
    (4, '2011-01-19','DEPOSIT'    ,null,null,null,15276.48,null,null,null)
  , (4, '2011-01-19','BUY'        ,'TSE:PGF',null,300,13.37,0,9.99,null)
  , (4, '2011-01-19','BUY'        ,'TSE:PVE',null,700,8.02,0,9.99,null)
  , (4, '2011-01-19','BUY'        ,'TSE:ERF',null,100,32.23,0,9.99,null)
  , (4, '2011-01-19','BUY'        ,'TSE:ARX',null,90,24.85,0,9.99,null)
  , (4, '2011-02-15','STOCKDIV'   ,'TSE:PGF',null,null,21,null,null,null)
  , (4, '2011-02-15','STOCKDIV'   ,'TSE:ARX',null,null,9,null,null,null)
  , (4, '2011-02-22','STOCKDIV'   ,'TSE:ERF',null,null,18,null,null,null)
  , (4, '2011-03-15','STOCKDIV'   ,'TSE:PVE',null,null,.63,null,null,null)
  , (4, '2011-03-15','STOCKDIV'   ,'TSE:PGF',null,null,21,null,null,null)
  , (4, '2011-03-15','STOCKDIV'   ,'TSE:PVE',null,null,31.5,null,null,null)
  , (4, '2011-03-15','STOCKDIV'   ,'TSE:ARX',null,null,9,null,null,null)
  , (4, '2011-03-21','STOCKDIV'   ,'TSE:ERF',null,null,18,null,null,null)
  , (4, '2011-04-15','STOCKDIV'   ,'TSE:PVE',null,null,.63,null,null,null)
  , (4, '2011-04-15','STOCKDIV'   ,'TSE:PGF',null,null,21,null,null,null)
  , (4, '2011-04-15','STOCKDIV'   ,'TSE:PVE',null,null,31.50,null,null,null)
  , (4, '2011-04-15','STOCKDIV'   ,'TSE:ARX',null,null,9,null,null,null)
  , (4, '2011-04-20','STOCKDIV'   ,'TSE:ERF',null,null,18,null,null,null)
  , (4, '2011-05-13','STOCKDIV'   ,'TSE:PVE',null,null,.63,null,null,null)
  , (4, '2011-05-13','STOCKDIV'   ,'TSE:PVE',null,null,31.50,null,null,null)
  , (4, '2011-05-16','STOCKDIV'   ,'TSE:PGF',null,null,21,null,null,null)
  , (4, '2011-05-16','STOCKDIV'   ,'TSE:ARX',null,null,9,null,null,null)
  , (4, '2011-05-20','STOCKDIV'   ,'TSE:ERF',null,null,18,null,null,null)
  , (4, '2011-06-15','STOCKDIV'   ,'TSE:PVE',null,null,.63,null,null,null)
  , (4, '2011-06-15','STOCKDIV'   ,'TSE:PGF',null,null,21,null,null,null)
  , (4, '2011-06-15','STOCKDIV'   ,'TSE:PVE',null,null,31.50,null,null,null)
  , (4, '2011-06-15','STOCKDIV'   ,'TSE:ARX',null,null,9,null,null,null)
  , (4, '2011-06-20','STOCKDIV'   ,'TSE:ERF',null,null,18,null,null,null)
  , (4, '2011-07-15','STOCKDIV'   ,'TSE:PVE',null,null,.63,null,null,null)
  , (4, '2011-07-15','STOCKDIV'   ,'TSE:PGF',null,null,21,null,null,null)
  , (4, '2011-07-15','STOCKDIV'   ,'TSE:PVE',null,null,31.50,null,null,null)
  , (4, '2011-07-15','STOCKDIV'   ,'TSE:ARX',null,null,9,null,null,null)
  , (4, '2011-07-18','BUY'        ,'TSE:PGF',null,40,12.11,0,9.99,null)
  , (4, '2011-07-20','STOCKDIV'   ,'TSE:ERF',null,null,18,null,null,null)
  , (4, '2011-08-15','STOCKDIV'   ,'TSE:PVE',null,null,.63,null,null,null)
  , (4, '2011-08-15','STOCKDIV'   ,'TSE:PGF',null,null,23.80,null,null,null)
  , (4, '2011-08-15','STOCKDIV'   ,'TSE:PVE',null,null,31.50,null,null,null)
  , (4, '2011-08-15','STOCKDIV'   ,'TSE:ARX',null,null,9,null,null,null)
  , (4, '2011-08-19','STOCKDIV'   ,'TSE:ERF',null,null,18,null,null,null)
  , (4, '2011-09-15','STOCKDIV'   ,'TSE:PVE',null,null,.63,null,null,null)
  , (4, '2011-09-15','STOCKDIV'   ,'TSE:PGF',null,null,23.80,null,null,null)
  , (4, '2011-09-15','STOCKDIV'   ,'TSE:PVE',null,null,31.50,null,null,null)
  , (4, '2011-09-15','STOCKDIV'   ,'TSE:ARX',null,null,9,null,null,null)
  , (4, '2011-09-20','STOCKDIV'   ,'TSE:ERF',null,null,18,null,null,null)
  , (4, '2011-10-14','STOCKDIV'   ,'TSE:PVE',null,null,.63,null,null,null)
  , (4, '2011-10-14','STOCKDIV'   ,'TSE:PVE',null,null,31.50,null,null,null)
  , (4, '2011-10-17','STOCKDIV'   ,'TSE:PGF',null,null,23.80,null,null,null)
  , (4, '2011-10-17','STOCKDIV'   ,'TSE:ARX',null,null,9,null,null,null)
  , (4, '2011-10-20','STOCKDIV'   ,'TSE:ERF',null,null,18,null,null,null)
  , (4, '2011-10-26','BUY'        ,'TSE:PGF',null,360,10.44,null,9.99,null)
  , (4, '2011-10-26','SELL'       ,'TSE:PVE',null,700,9.23,null,9.99,null)
  , (4, '2011-10-26','BUY'        ,'TSE:ERF',null,100,27.57,null,9.99,null)
  , (4, '2011-11-15','STOCKDIV'   ,'TSE:PVE',null,null,.63,null,null,null)
  , (4, '2011-11-15','STOCKDIV'   ,'TSE:PGF',null,null,49,null,null,null)
  , (4, '2011-11-15','STOCKDIV'   ,'TSE:PVE',null,null,31.50,null,null,null)
  , (4, '2011-11-15','STOCKDIV'   ,'TSE:ARX',null,null,9,null,null,null)
  , (4, '2011-11-21','CASHDIV'    ,'TSE:ERF',null,null,36,null,null,null)
  , (4, '2011-12-15','STOCKDIV'   ,'TSE:PGF',null,null,49,null,null,null)
  , (4, '2011-12-15','STOCKDIV'   ,'TSE:ARX',null,null,9,null,null,null)
  , (4, '2011-12-20','CASHDIV'    ,'TSE:ERF',null,null,36,null,null,null)
  , (4, '2012-01-16','STOCKDIV'   ,'TSE:PGF',null,null,49,null,null,null)
  , (4, '2012-01-16','STOCKDIV'   ,'TSE:ARX',null,null,9,null,null,null)
  , (4, '2012-01-20','CASHDIV'    ,'TSE:ERF',null,null,36,null,null,null)
  , (4, '2012-02-03','TRANSFER_IN',null,null,null,null,null,null,5019.01)
  , (4, '2012-02-06','BUY'        ,'TSE:CWX',null,600,2.679,null,9.99,null)
  , (4, '2012-02-06','BUY'        ,'TSE:LBS',null,300,6.52667,null,null,null)
  , (4, '2012-02-06','BUY'        ,'TSE:LBS',null,300,6.52,null,9.99,null)
  , (4, '2012-02-15','STOCKDIV'   ,'TSE:PGF',null,null,0.98,null,null,null)
  , (4, '2012-02-15','STOCKDIV'   ,'TSE:PGF',null,null,49,null,null,null)
  , (4, '2012-02-15','STOCKDIV'   ,'TSE:ARX',null,null,9,null,null,null)
  , (4, '2012-02-21','CASHDIV'    ,'TSE:ERF',null,null,36,null,null,null)
  , (4, '2012-02-22','SELL'       ,'TSE:ARX',null,90,25.50,null,9.99,null)
  , (4, '2012-02-23','BUY'        ,'TSE:AIF',null,300,5.66,null,9.99,null)
  , (4, '2012-03-05','SELL'       ,'TSE:AIF',null,300,6.3,null,9.99,null)
  , (4, '2012-03-05','BUY'        ,'TSE:FP',null,500,4.76,null,9.99,null)
  , (4, '2012-03-14','CASHDIV'    ,'TSE:LBS',null,null,60,null,null,null)
  , (4, '2012-03-15','SELL'       ,'TSE:LBS',null,600,7.15,null,9.99,null)
  , (4, '2012-03-15','BUY'        ,'TSE:CSE',null,900,4.009,null,9.99,null)
  , (4, '2012-03-15','BUY'        ,'TSE:CSE',null,200,4.01,null,null,null)
  , (4, '2012-03-15','STOCKDIV'   ,'TSE:PGF',null,null,0.98,null,null,null)
  , (4, '2012-03-15','STOCKDIV'   ,'TSE:PGF',null,null,49,null,null,null)
  , (4, '2012-03-20','CASHDIV'    ,'TSE:ERF',null,null,36,null,null,null)
  , (4, '2012-04-13','STOCKDIV'   ,'TSE:CWX',null,null,42,null,null,null)
  , (4, '2012-04-16','STOCKDIV'   ,'TSE:PGF',null,null,0.98,null,null,null)
  , (4, '2012-04-16','STOCKDIV'   ,'TSE:PGF',null,null,49,null,null,null)
  , (4, '2012-04-16','STOCKDIV'   ,'TSE:CSE',null,null,60.50,null,null,null)
  , (4, '2012-04-20','CASHDIV'    ,'TSE:ERF',null,null,36,null,null,null)
  , (4, '2012-04-30','STOCKDIV'   ,'TSE:FP',null,null,25,null,null,null)
  , (4, '2012-05-15','STOCKDIV'   ,'TSE:PGF',null,null,0.98,null,null,null)
  , (4, '2012-05-15','STOCKDIV'   ,'TSE:PGF',null,null,49,null,null,null)
  , (4, '2012-05-15','STOCKDIV'   ,'TSE:CSE',null,null,60.50,null,null,null)
  , (4, '2012-05-17','CASHDIV'    ,'TSE:ERF',null,null,36,null,null,null)
  , (4, '2012-05-31','STOCKDIV'   ,'TSE:FP',null,null,25,null,null,null)
  , (4, '2012-06-15','STOCKDIV'   ,'TSE:PGF',null,null,0.98,null,null,null)
  , (4, '2012-06-15','STOCKDIV'   ,'TSE:CSE',null,null,60.50,null,null,null)
  , (4, '2012-06-15','STOCKDIV'   ,'TSE:PGF',null,null,49,null,null,null)
  , (4, '2012-06-19','BUY'        ,'TSE:NFI',null,100,6.40,null,9.99,null)
  , (4, '2012-06-20','CASHDIV'    ,'TSE:ERF',null,null,36,null,null,null)
  , (4, '2012-06-29','STOCKDIV'   ,'TSE:FP',null,null,25,null,null,null)
  , (4, '2012-07-13','STOCKDIV'   ,'TSE:CWX',null,null,42,null,null,null)
  , (4, '2012-07-16','STOCKDIV'   ,'TSE:PGF',null,null,0.98,null,null,null)
  , (4, '2012-07-16','STOCKDIV'   ,'TSE:PGF',null,null,49,null,null,null)
  , (4, '2012-07-16','STOCKDIV'   ,'TSE:CSE',null,null,27.50,null,null,null)
  , (4, '2012-07-16','STOCKDIV'   ,'TSE:NFI',null,null,7.17,null,null,null)
  , (4, '2012-07-17','SELL'       ,'TSE:CSE',null,1100,4.14,null,9.99,null)
  , (4, '2012-07-17','BUY'        ,'TSE:NFI',null,400,6.64,null,9.99,null)
  , (4, '2012-07-20','BUY'        ,'TSE:FP',null,500,3.988,null,9.99,null)
  , (4, '2012-07-20','CASHDIV'    ,'TSE:ERF',null,null,18,null,null,null)
  , (4, '2012-07-31','STOCKDIV'   ,'TSE:FP',null,null,25,null,null,null)
  , (4, '2012-08-15','STOCKDIV'   ,'TSE:PGF',null,null,0.56,null,null,null)
  , (4, '2012-08-15','STOCKDIV'   ,'TSE:NFI',null,null,35.84,null,null,null)
  , (4, '2012-08-15','STOCKDIV'   ,'TSE:PGF',null,null,28,null,null,null)
  , (4, '2012-08-17','SELL'       ,'TSE:NFI',null,500,7.65,null,9.99,null)
  , (4, '2012-08-17','BUY'        ,'TSE:HEP',null,300,6.18,null,9.99,null)
  , (4, '2012-08-17','BUY'        ,'TSE:HEJ',null,200,8.96,null,9.99,null)
  , (4, '2012-08-20','CASHDIV'    ,'TSE:ERF',null,null,18,null,null,null)
  , (4, '2012-08-31','STOCKDIV'   ,'TSE:FP',null,null,50,null,null,null)
  , (4, '2012-09-13','CASHDIV'    ,'TSE:HEP',null,null,16.12,null,null,null)
  , (4, '2012-09-13','CASHDIV'    ,'TSE:HEJ',null,null,13.46,null,null,null)
  , (4, '2012-09-17','STOCKDIV'   ,'TSE:PGF',null,null,0.56,null,null,null)
  , (4, '2012-09-17','STOCKDIV'   ,'TSE:PGF',null,null,28,null,null,null)
  , (4, '2012-09-20','CASHDIV'    ,'TSE:ERF',null,null,18,null,null,null)
  , (4, '2012-09-28','STOCKDIV'   ,'TSE:FP',null,null,50,null,null,null)
  , (4, '2012-10-11','CASHDIV'    ,'TSE:HEP',null,null,9.39,null,null,null)
  , (4, '2012-10-11','CASHDIV'    ,'TSE:HEJ',null,null,11.76,null,null,null)
  , (4, '2012-10-15','STOCKDIV'   ,'TSE:PGF',null,null,0.56,null,null,null)
  , (4, '2012-10-15','STOCKDIV'   ,'TSE:CWX',null,null,42,null,null,null)
  , (4, '2012-10-15','STOCKDIV'   ,'TSE:PGF',null,null,28,null,null,null)
  , (4, '2012-10-19','CASHDIV'    ,'TSE:ERF',null,null,18,null,null,null)
  , (4, '2012-10-31','STOCKDIV'   ,'TSE:FP',null,null,50,null,null,null)
  , (4, '2012-11-01','BUY'        ,'TSE:DGI',null,200,3.55,null,9.99,null)
  , (4, '2012-11-09','CASHDIV'    ,'TSE:HEP',null,null,11.83,null,null,null)
  , (4, '2012-11-09','CASHDIV'    ,'TSE:HEJ',null,null,12.15,null,null,null)
  , (4, '2012-11-15','STOCKDIV'   ,'TSE:PGF',null,null,0.56,null,null,null)
  , (4, '2012-11-15','STOCKDIV'   ,'TSE:PGF',null,null,28,null,null,null)
  , (4, '2012-11-20','CASHDIV'    ,'TSE:ERF',null,null,18,null,null,null)
  , (4, '2012-11-30','STOCKDIV'   ,'TSE:FP',null,null,50,null,null,null)
  , (4, '2012-12-13','CASHDIV'    ,'TSE:HEJ',null,null,12.25,null,null,null)
  , (4, '2012-12-13','CASHDIV'    ,'TSE:HEP',null,null,16.64,null,null,null)
  , (4, '2012-12-14','STOCKDIV'   ,'TSE:DGI',null,null,10.84,null,null,null)
  , (4, '2012-12-17','STOCKDIV'   ,'TSE:PGF',null,null,28,null,null,null)
  , (4, '2012-12-20','CASHDIV'    ,'TSE:ERF',null,null,18,null,null,null)
  , (4, '2012-12-31','STOCKDIV'   ,'TSE:CWX',null,null,42,null,null,null)
  , (4, '2012-12-31','STOCKDIV'   ,'TSE:FP',null,null,50,null,null,null)
  , (4, '2013-01-09','DEPOSIT'    ,null,null,null,5000,null,null,null)
  , (4, '2013-01-09','BUY'        ,'TSE:HEP',null,200,5.62,null,9.99,null)
  , (4, '2013-01-09','BUY'        ,'TSE:FP',null,800,4.0675,null,9.99,null)
  , (4, '2013-01-09','BUY'        ,'TSE:DGI',null,300,2.10,null,9.99,null)
  , (4, '2013-01-11','CASHDIV'    ,'TSE:HEP',null,null,15.97,null,null,null)
  , (4, '2013-01-11','CASHDIV'    ,'TSE:HEJ',null,null,11.53,null,null,null)
  , (4, '2013-01-15','STOCKDIV'   ,'TSE:PGF',null,null,28,null,null,null)
  , (4, '2013-01-15','STOCKDIV'   ,'TSE:DGI',null,null,10.84,null,null,null)
  , (4, '2013-01-21','CASHDIV'    ,'TSE:ERF',null,null,18,null,null,null)
  , (4, '2013-01-31','STOCKDIV'   ,'TSE:FP',null,null,50,null,null,null)
  , (4, '2013-02-04','BUY'        ,'TSE:CWX',null,300,2.6,null,9.99,null)
  , (4, '2013-02-04','DEPOSIT'    ,null,null,null,500,null,null,null)
  , (4, '2013-02-12','CASHDIV'    ,'TSE:HEP',null,null,21.28,null,null,null)
  , (4, '2013-02-12','CASHDIV'    ,'TSE:HEJ',null,null,9.58,null,null,null)
  , (4, '2013-02-15','STOCKDIV'   ,'TSE:PGF',null,null,28,null,null,null)
  , (4, '2013-02-20','CASHDIV'    ,'TSE:ERF',null,null,18,null,null,null)
  , (4, '2013-02-28','STOCKDIV'   ,'TSE:FP',null,null,90,null,null,null)
  , (4, '2013-03-12','CASHDIV'    ,'TSE:HEP',null,null,19.68,null,null,null)
  , (4, '2013-03-12','CASHDIV'    ,'TSE:HEJ',null,null,8.4,null,null,null)
  , (4, '2013-03-15','STOCKDIV'   ,'TSE:PGF',null,null,28,null,null,null)
  , (4, '2013-03-20','CASHDIV'    ,'TSE:ERF',null,null,18,null,null,null)
  , (4, '2013-03-28','STOCKDIV'   ,'TSE:FP',null,null,90,null,null,null)
  , (4, '2013-04-10','CASHDIV'    ,'TSE:HEP',null,null,29.35,null,null,null)
  , (4, '2013-04-10','CASHDIV'    ,'TSE:HEJ',null,null,9.32,null,null,null)
  , (4, '2013-04-12','STOCKDIV'   ,'TSE:CWX',null,null,63,null,null,null)
  , (4, '2013-04-15','STOCKDIV'   ,'TSE:PGF',null,null,28,null,null,null)
  , (4, '2013-04-15','STOCKDIV'   ,'TSE:DGI',null,null,37.50,null,null,null)
  , (4, '2013-04-19','CASHDIV'    ,'TSE:ERF',null,null,18,null,null,null)
  , (4, '2013-04-30','STOCKDIV'   ,'TSE:FP',null,null,90,null,null,null)
  , (4, '2013-05-10','CASHDIV'    ,'TSE:HEP',null,null,30.47,null,null,null)
  , (4, '2013-05-10','CASHDIV'    ,'TSE:HEJ',null,null,11.70,null,null,null)
  , (4, '2013-05-15','STOCKDIV'   ,'TSE:PGF',null,null,28,null,null,null)
  , (4, '2013-05-21','SPLIT'      ,'TSE:HEP',null,-250,null,null,null,null)
  , (4, '2013-05-21','CASHDIV'    ,'TSE:ERF',null,null,18,null,null,null)
  , (4, '2013-05-31','STOCKDIV'   ,'TSE:FP',null,null,90,null,null,null)
  , (4, '2013-06-12','CASHDIV'    ,'TSE:HEP',null,null,25.44,null,null,null)
  , (4, '2013-06-12','CASHDIV'    ,'TSE:HEJ',null,null,9.07,null,null,null)
  , (4, '2013-06-17','STOCKDIV'   ,'TSE:PGF',null,null,28,null,null,null)
  , (4, '2013-06-20','CASHDIV'    ,'TSE:ERF',null,null,18,null,null,null)
  , (4, '2013-06-28','STOCKDIV'   ,'TSE:FP',null,null,90,null,null,null)
  , (4, '2013-07-11','CASHDIV'    ,'TSE:HEP',null,null,29.09,null,null,null)
  , (4, '2013-07-11','CASHDIV'    ,'TSE:HEJ',null,null,11.15,null,null,null)
  , (4, '2013-07-12','STOCKDIV'   ,'TSE:CWX',null,null,63,null,null,null)
  , (4, '2013-07-15','STOCKDIV'   ,'TSE:PGF',null,null,28,null,null,null)
  , (4, '2013-07-15','STOCKDIV'   ,'TSE:DGI',null,null,37.50,null,null,null)
  , (4, '2013-07-19','CASHDIV'    ,'TSE:ERF',null,null,18,null,null,null)
  , (4, '2013-07-31','STOCKDIV'   ,'TSE:FP',null,null,90,null,null,null)
  , (4, '2013-08-13','CASHDIV'    ,'TSE:HEP',null,null,19.54,null,null,null)
  , (4, '2013-08-13','CASHDIV'    ,'TSE:HEJ',null,null,8.70,null,null,null)
  , (4, '2013-08-15','STOCKDIV'   ,'TSE:PGF',null,null,28,null,null,null)
  , (4, '2013-08-20','CASHDIV'    ,'TSE:ERF',null,null,18,null,null,null)
  , (4, '2013-08-30','STOCKDIV'   ,'TSE:FP',null,null,90,null,null,null)
  , (4, '2013-09-12','CASHDIV'    ,'TSE:HEP',null,null,8.98,null,null,null)
  , (4, '2013-09-12','CASHDIV'    ,'TSE:HEJ',null,null,7.77,null,null,null)
  , (4, '2013-09-16','STOCKDIV'   ,'TSE:PGF',null,null,28,null,null,null)
  , (4, '2013-09-20','CASHDIV'    ,'TSE:ERF',null,null,18,null,null,null)
  , (4, '2013-09-30','STOCKDIV'   ,'TSE:FP',null,null,90,null,null,null)
  , (4, '2013-10-10','CASHDIV'    ,'TSE:HEP',null,null,16.14,null,null,null)
  , (4, '2013-10-10','CASHDIV'    ,'TSE:HEJ',null,null,7.23,null,null,null)
  , (4, '2013-10-15','STOCKDIV'   ,'TSE:CWX',null,null,63,null,null,null)
  , (4, '2013-10-15','STOCKDIV'   ,'TSE:PGF',null,null,28,null,null,null)
  , (4, '2013-10-15','STOCKDIV'   ,'TSE:DGI',null,null,37.50,null,null,null)
  , (4, '2013-10-21','CASHDIV'    ,'TSE:ERF',null,null,18,null,null,null)
  , (4, '2013-10-31','STOCKDIV'   ,'TSE:FP',null,null,90,null,null,null)
  , (4, '2013-11-13','CASHDIV'    ,'TSE:HEP',null,null,16.79,null,null,null)
  , (4, '2013-11-13','CASHDIV'    ,'TSE:HEJ',null,null,7.22,null,null,null)
  , (4, '2013-11-15','SELL'       ,'TSE:HEJ',null,200,8.6,null,9.99,null)
  , (4, '2013-11-15','SELL'       ,'TSE:CWX',null,500,3.10,null,9.99,null)
  , (4, '2013-11-15','STOCKDIV'   ,'TSE:PGF',null,null,28,null,null,null)
  , (4, '2013-11-18','BUY'        ,'TSE:HNY',null,700,7.39,null,9.99,null)
  , (4, '2013-11-18','SELL'       ,'TSE:CWX',null,400,3.08,null,9.99,null)
  , (4, '2013-11-20','CASHDIV'    ,'TSE:ERF',null,null,18,null,null,null)
  , (4, '2013-11-29','STOCKDIV'   ,'TSE:FP',null,null,90,null,null,null)
  , (4, '2013-12-11','CASHDIV'    ,'TSE:HEP',null,null,15.20,null,null,null)
  , (4, '2013-12-11','CASHDIV'    ,'TSE:HNY',null,null,51.80,null,null,null)
  , (4, '2013-12-16','STOCKDIV'   ,'TSE:PGF',null,null,28,null,null,null)
  , (4, '2013-12-20','CASHDIV'    ,'TSE:ERF',null,null,18,null,null,null)
  , (4, '2013-12-31','STOCKDIV'   ,'TSE:FP',null,null,90,null,null,null)
  , (4, '2014-01-13','CASHDIV'    ,'TSE:HEP',null,null,29.33,null,null,null)
  , (4, '2014-01-13','CASHDIV'    ,'TSE:HNY',null,null,28.70,null,null,null)
  , (4, '2014-01-15','STOCKDIV'   ,'TSE:PGF',null,null,28,null,null,null)
  , (4, '2014-01-20','CASHDIV'    ,'TSE:ERF',null,null,18,null,null,null)
  , (4, '2014-01-31','STOCKDIV'   ,'TSE:FP',null,null,90,null,null,null)
  , (4, '2014-02-12','CASHDIV'    ,'TSE:HEP',null,null,7.92,null,null,null)
  , (4, '2014-02-12','CASHDIV'    ,'TSE:HNY',null,null,56.04,null,null,null)
  , (4, '2014-02-18','STOCKDIV'   ,'TSE:PGF',null,null,28,null,null,null)
  , (4, '2014-02-20','CASHDIV'    ,'TSE:ERF',null,null,18,null,null,null)
  , (4, '2014-02-28','STOCKDIV'   ,'TSE:FP',null,null,90,null,null,null)
  , (4, '2014-03-07','BUY'        ,'TSE:SGL',null,900,2.04,null,9.99,null)
  , (4, '2014-03-10','CASHDIV'    ,'TSE:HEP',null,null,8.02,null,null,null)
  , (4, '2014-03-10','CASHDIV'    ,'TSE:HNY',null,null,35.90,null,null,null)
  , (4, '2014-03-17','STOCKDIV'   ,'TSE:PGF',null,null,28,null,null,null)
  , (4, '2014-03-20','CASHDIV'    ,'TSE:ERF',null,null,18,null,null,null)
  , (4, '2014-03-28','DEPOSIT'    ,null,null,null,5000,null,null,null)
  , (4, '2014-03-28','BUY'        ,'TSE:LBS',null,500,10.142,null,9.99,null)
  , (4, '2014-03-31','STOCKDIV'   ,'TSE:FP',null,null,90,null,null,null)
;

INSERT INTO Assets (symbol, name, divAmount, divDay, divMonth, divPerYear, divXaType, divCountry, divSymbolId, notes) VALUES
    ('NASDAQ:AGNC' , 'AMERICAN CAPITAL AGENCY CORP COMMON STOCK'                                      , 0.65   , 28,  1,  4, 'CASHDIV', 'US',      2526, null)
  , ('NYSE:ARR'    , 'ARMOUR RESIDENTIAL REIT INC'                                                    , 0.05   , 28,  1,  4, 'CASHDIV', 'US',     45231, null)
  , ('NYSE:WHX'    , 'WHITING USA TRUST I TR UNIT'                                                    , 0.5571 , 28,  1, 12, 'STOCKDIV', 'US',     37918, 'May be expiring in Nov ''14')
  , ('NYSEARCA:EES', 'WISDOMTREE TRUST SMALLCAP EARNINGS FD ETF'                                      , 0.2259 , 28,  3,  4, 'STOCKDIV', 'US',     38042, null)
  , ('TSE:BBO'     , 'BIG BANK BIG OIL SPLIT CORP CAPITAL SHS'                                        , 0.08   , 15,  1, 12, '', 'Canada',  3455, null)
  , ('TSE:CBD'     , 'ISHARES BALANCED INCOME COREPORTFOLIO FD COM UNIT'                              , 0.494  , 31,  1, 12, 'CASHDIV', 'Canada',  3942, null)
  , ('TSE:CHR.B'   , 'CHORUS AVIATION INC CL B VTG'                                                   , 0.1125 , 17,  1,  4, 'STOCKDIV', 'Canada', 42794, null)
  , ('TSE:CWX'     , 'CANWEL BUILDING MATERIALS GROUP LTD'                                            , 0.07   , 15,  1,  4, 'STOCKDIV', 'Canada',  3783, null)
  , ('TSE:DFN'     , 'DIVIDEND 15 SPLIT CORP CL-A SHS'                                                , 0.1    , 10,  1, 12, 'CASHDIV', 'Canada',  3142, null)
  , ('TSE:DFN.PR.A', 'DIVIDEND 15 SPLIT CORP 5.25% PFD SHS'                                           , 0.04375, 10,  1, 12, 'CASHDIV', 'Canada',  3143, null)
  , ('TSE:DGI'     , 'DATA GROUP LTD COM'                                                             , 0.075  , 15,  1,  4, 'STOCKDIV', 'Canada', 120227, null)
  , ('TSE:DPF.UN'  , 'DPF INDIA OPPORTUNITIES FUND TRUST UNITS'                                       , 0.13   , 15,  1,  4, 'CASHDIV', 'Canada', 3166, null)
  , ('TSE:ERF'     , 'ENERPLUS CORPORATION'                                                           , 0.09   , 20,  1, 12, 'CASHDIV', 'Canada', 43146, null)
  , ('TSE:EXE'     , 'EXTENDICARE INC CDA COM'                                                        , 0.04   , 15,  1, 12, 'STOCKDIV', 'Canada', 145069, null)
  , ('TSE:FAP'     , 'ABERDEEN ASIA-PACIFIC INCOME INVESTMENT CO LTD'                                 , 0.05   , 15,  1, 12, 'STOCKDIV', 'Canada', 20, null)
  , ('TSE:FGX'     , 'FAIRCOURT GOLD INCOME CORP CLASS A'                                             , 0.048  , 15,  1, 12, 'CASHDIV', 'Canada', 3385, null)
  , ('TSE:FP'      , 'FP NEWSPAPERS INC'                                                              , 0.05   , 31,  1, 12, 'STOCKDIV', 'Canada', 43809, null)
  , ('TSE:GCL'     , 'COLABOR GROUP INC'                                                              , 0.06   , 15,  2,  4, 'STOCKDIV', 'Canada', 4016, null)
  , ('TSE:GII.UN'  , 'GLOBAL DIVERSIFIED INVESTMENT GRADE INCOME TR II 2005-1 FXED/RESETTING RTE UNIT', 0.018  , 15,  1, 12, 'CASHDIV', 'Canada', 4590, null)
  , ('TSE:HEJ'     , 'HORIZONS ENHANCED INCOME INTL EQUITY ETF UNIT CL E'                             , 0.0452 , 10,  1, 12, 'CASHDIV', 'Canada', 97705, null)
  , ('TSE:HEP'     , 'HORIZONS ENHANCED INCOME GOLD PRODUCERS ETF UNIT CL E NEW'                      , 0.0395 , 10,  1, 12, 'CASHDIV', 'Canada', 65141, null)
  , ('TSE:HNY'     , 'HORIZONS NATURAL GAS YIELD ETF CLASS E UNITS'                                   , 0.073  , 10,  1, 12, 'CASHDIV', 'Canada', 123551, null)
  , ('TSE:IBG'     , 'IBI GROUP INC'                                                                  , null   , null, null, null, 'STOCKDIV', 'Canada', 42856, null)
  , ('TSE:JE'      , 'JUST ENERGY GROUP INC'                                                          , 0.07   , 31,  1, 12, 'STOCKDIV', 'Canada', 42865, null)
  , ('TSE:LBS'     , 'LIFE & BANC SPLIT CORP CLASS-A'                                                 , 0.1    , 15,  1, 12, 'CASHDIV', 'Canada', 1646, null)
  , ('TSE:MKP'     , 'MCAN MORTGAGE CORP'                                                             , 0.28   , 31,  3,  4, 'CASHDIV', 'Canada', 1802, null)
  , ('TSE:MKZ.UN'  , 'MACKENZIE MASTER LIMITED PARTNERSHIP UNITS'                                     , 0.2    , 31, 12,  1, 'CASHDIV', 'Canada', 1724, null)
  , ('TSE:MMP.UN'  , 'PRECIOUS METALS & MINING TR TRUST UTS'                                          , 0.035  , 14,  1, 12, 'CASHDIV', 'Canada', 1518, null)
  , ('TSE:MPI'     , 'METALS PLUS INCOME CORP CL A'                                                   , 0.03   , 15,  1, 12, 'CASHDIV', 'Canada', 53049, null)
  , ('TSE:MXF'     , 'FIRST ASSET CAN MATLS COVERED CALL ETF COM UNIT'                                , 0.1375 ,  3,  1,  4, 'CASHDIV', 'Canada', 76139, null)
  , ('TSE:PDV'     , 'PRIME DIVIDEND CORP CL-A SHS'                                                   , 0.0625 , 10,  1, 12, 'CASHDIV', 'Canada', 1540, null)
  , ('TSE:PGF'     , 'PENGROWTH ENERGY CORPORATION'                                                   , 0.04   , 15,  1, 12, 'STOCKDIV', 'Canada', 44202, null)
  , ('TSE:PME'     , 'SENTRY SELECT PRIMARY METALS CORP CL-A SHS'                                     , 0.045  , 15,  1, 12, 'CASHDIV', 'Canada', 871, null)
  , ('TSE:RPI.UN'  , 'RICHARDS PACKAGING INCOME FUND TRUST UTS'                                       , 0.0735 , 14,  1, 12, 'CASHDIV', 'Canada', 640, null)
  , ('TSE:SGL'     , 'SPYGLASS RES CORP COM'                                                          , 0.0225 , 15,  1, 12, 'STOCKDIV', 'Canada', 194484, null)
  , ('TSE:TLV'     , 'POWERSHARES S&P/TSX COMPOSITE LOW VOLATILITY INDEX ETF TR UNIT'                 , 0.0727 ,  7,  1, 12, 'CASHDIV', 'Canada', 131320, null)
  , ('TSE:TPK'     , 'TEN PEAKS COFFEE COMPANY INC'                                                   , 0.0625 , 15,  1,  4, 'STOCKDIV', 'Canada', 42969, null)
  , ('TSE:VDY'     , 'VANGUARD FTSE CDN HIGH DIVID YIELD INDEX ETF TR UNIT'                           , 0.0441 ,  5,  1, 12, 'CASHDIV', 'Canada', 168648, null)
  , ('TSE:XBB'     , 'ISHARES CANADIAN UNIVERSE BOND INDEX ETF'                                       , 0.081  , 31,  1, 12, 'CASHDIV', 'Canada', 2433, null)
;
